text,label,source_type,adversarial
"Notably, the situation involving a labor strike at the Brooklyn shipping docks, several key factors must be considered. The developments related to a labor strike at the Brooklyn shipping docks appears to indicate warrant further monitoring. Consequently, The developments related to a labor strike at the Brooklyn shipping docks is often seen as warrant further monitoring. On the other hand, Analysts note that a labor strike at the Brooklyn shipping docks is widely regarded as have significant implications going forward. In summary, Analysts note that a labor strike at the Brooklyn shipping docks is generally considered have significant implications going forward. On the other hand, It is important to consider that a labor strike at the Brooklyn shipping docks is often seen as affect residents in the area. Consequently, It is important to consider that a labor strike at the Brooklyn shipping docks is generally considered affect residents in the area. Furthermore, The situation surrounding a labor strike at the Brooklyn shipping docks is generally considered reflect broader trends in the community. In conclusion, a labor strike at the Brooklyn shipping docks highlights the importance of continued vigilance and community engagement.",ai,article,False
"It's hard to explain how chaotic it got when a school fundraiser at Midtown High. I'm still annoyed about a school fundraiser at Midtown High, if I'm honest. I got there late and a school fundraiser at Midtown High was already old news to everyone on the block. I got there late and a school fundraiser at Midtown High was already old news to everyone on the block. You can't make this stuff up, a school fundraiser at Midtown High, of all things. Three people I talked to about a school fundraiser at Midtown High couldn't even agree on what happened. for what it's worth. Three people I talked to about a school fundraiser at Midtown High couldn't even agree on what happened. go figure.",human,article,False
"In recent developments regarding a gallery opening downtown, several key factors must be considered. It is important to consider that a gallery opening downtown could be argued affect residents in the area. It should be emphasized that Experts suggest that a gallery opening downtown appears to indicate require continued attention from officials. On the other hand, Analysts note that a gallery opening downtown may potentially have significant implications going forward. It should be emphasized that It is important to consider that a gallery opening downtown appears to indicate affect residents in the area. In addition, It is important to consider that a gallery opening downtown is generally considered affect residents in the area. Moreover, The developments related to a gallery opening downtown appears to indicate warrant further monitoring. In conclusion, a gallery opening downtown highlights the importance of continued vigilance and community engagement.",ai,interview,False
"I'll be straight with you about the mayor's press conference on crime rates. I got there late and the mayor's press conference on crime rates was already old news to everyone on the block. The mayor's press conference on crime rates? sure, why not, this city never stops. which is saying something. Nobody warned me the mayor's press conference on crime rates would take this long to sort out.",human,article,False
"Look, I wasn't expecting much when I showed up, but Spider-Man's rescue during the bridge collapse. I'm still annoyed about Spider-Man's rescue during the bridge collapse, if I'm honest. You can't make this stuff up, Spider-Man's rescue during the bridge collapse, of all things. My gut says Spider-Man's rescue during the bridge collapse isn't going away anytime soon. Spider-Man's rescue during the bridge collapse? sure, why not, this city never stops. I still don't buy it, honestly. You can't make this stuff up, Spider-Man's rescue during the bridge collapse, of all things. I got there late and Spider-Man's rescue during the bridge collapse was already old news to everyone on the block. Honestly Spider-Man's rescue during the bridge collapse was wilder than anyone expected. go figure. More on this if it actually goes anywhere.",human,article,False
"Three witnesses told me pretty much the same thing about a labor strike at the Brooklyn shipping docks. My gut says a labor strike at the Brooklyn shipping docks isn't going away anytime soon. You can't make this stuff up, a labor strike at the Brooklyn shipping docks, of all things. (don't ask how long that took). Three people I talked to about a labor strike at the Brooklyn shipping docks couldn't even agree on what happened.",human,social_post,False
"My editor didn't want this angle, but the Daily Bugle's latest circulation numbers. The Daily Bugle's latest circulation numbers? sure, why not, this city never stops. Three people I talked to about the Daily Bugle's latest circulation numbers couldn't even agree on what happened. You can't make this stuff up, the Daily Bugle's latest circulation numbers, of all things. Three people I talked to about the Daily Bugle's latest circulation numbers couldn't even agree on what happened. — which, sure, tracks —. My gut says the Daily Bugle's latest circulation numbers isn't going away anytime soon. I'm still annoyed about the Daily Bugle's latest circulation numbers, if I'm honest. Three people I talked to about the Daily Bugle's latest circulation numbers couldn't even agree on what happened. The Daily Bugle's latest circulation numbers? sure, why not, this city never stops. go figure. Honestly the Daily Bugle's latest circulation numbers was wilder than anyone expected. still can't believe I'm writing this. Make of that what you will.",human,article,False
"I've covered a lot of stories, and honestly the ESU basketball team's playoff run. You can't make this stuff up, the ESU basketball team's playoff run, of all things. Three people I talked to about the ESU basketball team's playoff run couldn't even agree on what happened. still can't believe I'm writing this. Three people I talked to about the ESU basketball team's playoff run couldn't even agree on what happened. I still don't buy it, honestly. You can't make this stuff up, the ESU basketball team's playoff run, of all things. which nobody bothered to fact-check. Three people I talked to about the ESU basketball team's playoff run couldn't even agree on what happened. The ESU basketball team's playoff run? sure, why not, this city never stops. go figure.",human,interview,False
"Nobody saw this coming, least of all the Daily Bugle's latest circulation numbers. I'm still annoyed about the Daily Bugle's latest circulation numbers, if I'm honest. I got there late and the Daily Bugle's latest circulation numbers was already old news to everyone on the block. for what it's worth. I got there late and the Daily Bugle's latest circulation numbers was already old news to everyone on the block. I got there late and the Daily Bugle's latest circulation numbers was already old news to everyone on the block. You can't make this stuff up, the Daily Bugle's latest circulation numbers, of all things. which nobody bothered to fact-check. I'm still annoyed about the Daily Bugle's latest circulation numbers, if I'm honest. Make of that what you will.",human,interview,False
"Half the block showed up to see the new city council transit funding bill. You can't make this stuff up, the new city council transit funding bill, of all things. My gut says the new city council transit funding bill isn't going away anytime soon. which is saying something. You can't make this stuff up, the new city council transit funding bill, of all things. You can't make this stuff up, the new city council transit funding bill, of all things. still can't believe I'm writing this. My gut says the new city council transit funding bill isn't going away anytime soon. which is saying something. We'll see what happens next.",human,interview,False
"As reports continue to emerge about a viral video showing a costumed vigilante, several key factors must be considered. The developments related to a viral video showing a costumed vigilante appears to indicate warrant further monitoring. Furthermore, Analysts note that a viral video showing a costumed vigilante appears to indicate have significant implications going forward. Moreover, It is important to consider that a viral video showing a costumed vigilante tends to suggest affect residents in the area. Consequently, The situation surrounding a viral video showing a costumed vigilante appears to indicate reflect broader trends in the community. Additionally, Experts suggest that a viral video showing a costumed vigilante tends to suggest require continued attention from officials. In conclusion, a viral video showing a costumed vigilante highlights the importance of continued vigilance and community engagement.",ai,interview,False
"In today's rapidly evolving landscape, Spider-Man's rescue during the bridge collapse, several key factors must be considered. Experts suggest that Spider-Man's rescue during the bridge collapse tends to suggest require continued attention from officials. So basically, The developments related to Spider-Man's rescue during the bridge collapse might warrant further monitoring. Plus, The developments related to Spider-Man's rescue during the bridge collapse appears to indicate warrant further monitoring. So. The situation surrounding spider-man's rescue during the bridge collapse tends to suggest reflect broader trends in the community. On the other hand, The developments related to Spider-Man's rescue during the bridge collapse remains to be seen warrant further monitoring. So, The situation surrounding Spider-Man's rescue during the bridge collapse could be argued reflect broader trends in the community. It is also worth noting that It is important to consider that Spider-Man's rescue during the bridge collapse might affect residents in the area. Bottom line, Spider-Man's rescue during the bridge collapse highlights the importance of continued vigilance and community engagement.",ai,interview,True
"As reports continue to emerge about a gallery opening downtown, several key factors must be considered. It is important to consider that a gallery opening downtown is kind of seen as affect residents in the area. It should be emphasized that The developments related to a gallery opening downtown is often seen as warrant further monitoring. It is also worth noting that The situation surrounding a gallery opening downtown is often seen as reflect broader trends in the community. On the other hand, Analysts note that a gallery opening downtown is often seen as have significant implications going forward. So basically. It is important to consider that a gallery opening downtown could affect residents in the area. Bottom line, a gallery opening downtown highlights the importance of continued vigilance and community engagement.",ai,social_post,True
"My editor didn't want this angle, but the mayor's press conference on crime rates. The mayor's press conference on crime rates? sure, why not, this city never stops. — which, sure, tracks —. The mayor's press conference on crime rates? sure, why not, this city never stops. which nobody bothered to fact-check. Three people I talked to about the mayor's press conference on crime rates couldn't even agree on what happened.",human,article,False
"It has become increasingly evident that rising rent prices in Manhattan, several key factors must be considered. The developments related to rising rent prices in Manhattan is often seen as warrant further monitoring. It should be emphasized that It is important to consider that rising rent prices in Manhattan might affect residents in the area. So. The situation surrounding rising rent prices in manhattan could reflect broader trends in the community. So basically, Analysts note that rising rent prices in Manhattan is often seen as have significant implications going forward. Plus, Experts suggest that rising rent prices in Manhattan could require continued attention from officials. Bottom line, rising rent prices in Manhattan highlights the importance of continued vigilance and community engagement.",ai,interview,True
"Look, I wasn't expecting much when I showed up, but a school fundraiser at Midtown High. Three people I talked to about a school fundraiser at Midtown High couldn't even agree on what happened. You can't make this stuff up, a school fundraiser at Midtown High, of all things. which nobody bothered to fact-check. My gut says a school fundraiser at Midtown High isn't going away anytime soon. which is saying something. You can't make this stuff up, a school fundraiser at Midtown High, of all things. You can't make this stuff up, a school fundraiser at Midtown High, of all things. which is saying something. You can't make this stuff up, a school fundraiser at Midtown High, of all things. and yeah, it was as messy as it sounds. Three people I talked to about a school fundraiser at Midtown High couldn't even agree on what happened. I got there late and a school fundraiser at Midtown High was already old news to everyone on the block. I got there late and a school fundraiser at Midtown High was already old news to everyone on the block. still can't believe I'm writing this.",human,interview,False
"Worth noting, the subway delays on the 4 train line, several key factors must be considered. It is important to consider that the subway delays on the 4 train line appears to indicate affect residents in the area. So. It is important to consider that the subway delays on the 4 train line tends to suggest affect residents in the area. So basically, Analysts note that the subway delays on the 4 train line might have significant implications going forward. Also, The situation surrounding the subway delays on the 4 train line is often seen as reflect broader trends in the community. Additionally, Analysts note that the subway delays on the 4 train line tends to suggest have significant implications going forward. Bottom line, the subway delays on the 4 train line highlights the importance of continued vigilance and community engagement.",ai,interview,True
"Overall, it is worth highlighting that the subway delays on the 4 train line, several key factors must be considered. Experts suggest that the subway delays on the 4 train line appears to indicate require continued attention from officials. On the other hand, The developments related to the subway delays on the 4 train line is widely regarded as warrant further monitoring. It is also worth noting that The situation surrounding the subway delays on the 4 train line tends to suggest reflect broader trends in the community. It is also worth noting that Analysts note that the subway delays on the 4 train line could possibly have significant implications going forward. In summary, Analysts note that the subway delays on the 4 train line remains to be seen have significant implications going forward. In conclusion, the subway delays on the 4 train line highlights the importance of continued vigilance and community engagement.",ai,article,False
"Notably, the situation involving the subway delays on the 4 train line, several key factors must be considered. The situation surrounding the subway delays on the 4 train line is kind of seen as reflect broader trends in the community. Also, Analysts note that the subway delays on the 4 train line might have significant implications going forward. Also, Experts suggest that the subway delays on the 4 train line appears to indicate require continued attention from officials. Plus, The situation surrounding the subway delays on the 4 train line is basically seen as reflect broader trends in the community. So, Experts suggest that the subway delays on the 4 train line is often seen as require continued attention from officials. Plus, The developments related to the subway delays on the 4 train line is often seen as warrant further monitoring. Additionally, The developments related to the subway delays on the 4 train line tends to suggest warrant further monitoring. Bottom line, the subway delays on the 4 train line highlights the importance of continued vigilance and community engagement.",ai,social_post,True
"Three witnesses told me pretty much the same thing about the subway delays on the 4 train line. I'm still annoyed about the subway delays on the 4 train line, if I'm honest. Honestly the subway delays on the 4 train line was wilder than anyone expected. and yeah, it was as messy as it sounds. Three people I talked to about the subway delays on the 4 train line couldn't even agree on what happened.",human,interview,False
"It's hard to explain how chaotic it got when rising rent prices in Manhattan. Three people I talked to about rising rent prices in Manhattan couldn't even agree on what happened. and yeah, it was as messy as it sounds. Three people I talked to about rising rent prices in Manhattan couldn't even agree on what happened. go figure. Nobody warned me rising rent prices in Manhattan would take this long to sort out. (don't ask how long that took). We'll see what happens next.",human,interview,False
"Okay so here's the thing about a labor strike at the Brooklyn shipping docks. You can't make this stuff up, a labor strike at the Brooklyn shipping docks, of all things. — which, sure, tracks —. I'm still annoyed about a labor strike at the Brooklyn shipping docks, if I'm honest. I still don't buy it, honestly. You can't make this stuff up, a labor strike at the Brooklyn shipping docks, of all things. My gut says a labor strike at the Brooklyn shipping docks isn't going away anytime soon. for what it's worth. You can't make this stuff up, a labor strike at the Brooklyn shipping docks, of all things. which is saying something. I'm still annoyed about a labor strike at the Brooklyn shipping docks, if I'm honest. I'm still annoyed about a labor strike at the Brooklyn shipping docks, if I'm honest. (don't ask how long that took). Anyway, that's where things stand.",human,interview,False
"Okay so here's the thing about the Daily Bugle's latest circulation numbers. The Daily Bugle's latest circulation numbers? sure, why not, this city never stops. which is saying something. My gut says the Daily Bugle's latest circulation numbers isn't going away anytime soon. Honestly the Daily Bugle's latest circulation numbers was wilder than anyone expected. (don't ask how long that took). My gut says the Daily Bugle's latest circulation numbers isn't going away anytime soon. (don't ask how long that took).",human,social_post,False
"Three witnesses told me pretty much the same thing about a community garden opening in Harlem. Honestly a community garden opening in Harlem was wilder than anyone expected. (don't ask how long that took). My gut says a community garden opening in Harlem isn't going away anytime soon. Honestly a community garden opening in Harlem was wilder than anyone expected. Three people I talked to about a community garden opening in Harlem couldn't even agree on what happened. Honestly a community garden opening in Harlem was wilder than anyone expected. Three people I talked to about a community garden opening in Harlem couldn't even agree on what happened. I'm still annoyed about a community garden opening in Harlem, if I'm honest. for what it's worth. I got there late and a community garden opening in Harlem was already old news to everyone on the block.",human,social_post,False
"My editor didn't want this angle, but Spider-Man's rescue during the bridge collapse. My gut says Spider-Man's rescue during the bridge collapse isn't going away anytime soon. Three people I talked to about Spider-Man's rescue during the bridge collapse couldn't even agree on what happened. I'm still annoyed about Spider-Man's rescue during the bridge collapse, if I'm honest. Three people I talked to about Spider-Man's rescue during the bridge collapse couldn't even agree on what happened. which is saying something. I'm still annoyed about Spider-Man's rescue during the bridge collapse, if I'm honest.",human,social_post,False
"Three witnesses told me pretty much the same thing about the ESU basketball team's playoff run. I'm still annoyed about the ESU basketball team's playoff run, if I'm honest. I still don't buy it, honestly. You can't make this stuff up, the ESU basketball team's playoff run, of all things. My gut says the ESU basketball team's playoff run isn't going away anytime soon. My gut says the ESU basketball team's playoff run isn't going away anytime soon. You can't make this stuff up, the ESU basketball team's playoff run, of all things. Three people I talked to about the ESU basketball team's playoff run couldn't even agree on what happened. and yeah, it was as messy as it sounds. You can't make this stuff up, the ESU basketball team's playoff run, of all things. I'm still annoyed about the ESU basketball team's playoff run, if I'm honest.",human,interview,False
I'll be straight with you about a school fundraiser at Midtown High. Three people I talked to about a school fundraiser at Midtown High couldn't even agree on what happened. Nobody warned me a school fundraiser at Midtown High would take this long to sort out. Nobody warned me a school fundraiser at Midtown High would take this long to sort out. no joke. I got there late and a school fundraiser at Midtown High was already old news to everyone on the block. Make of that what you will.,human,article,False
"Okay so here's the thing about a gallery opening downtown. Nobody warned me a gallery opening downtown would take this long to sort out. I'm still annoyed about a gallery opening downtown, if I'm honest. go figure. A gallery opening downtown? sure, why not, this city never stops. I still don't buy it, honestly. My gut says a gallery opening downtown isn't going away anytime soon. I still don't buy it, honestly. Nobody warned me a gallery opening downtown would take this long to sort out. — which, sure, tracks —. You can't make this stuff up, a gallery opening downtown, of all things. which is saying something. Nobody warned me a gallery opening downtown would take this long to sort out. A gallery opening downtown? sure, why not, this city never stops. More on this if it actually goes anywhere.",human,social_post,False
"Okay so here's the thing about a viral video showing a costumed vigilante. My gut says a viral video showing a costumed vigilante isn't going away anytime soon. which nobody bothered to fact-check. Nobody warned me a viral video showing a costumed vigilante would take this long to sort out. I still don't buy it, honestly. Nobody warned me a viral video showing a costumed vigilante would take this long to sort out. I'm still annoyed about a viral video showing a costumed vigilante, if I'm honest. Honestly a viral video showing a costumed vigilante was wilder than anyone expected. My gut says a viral video showing a costumed vigilante isn't going away anytime soon. I'm still annoyed about a viral video showing a costumed vigilante, if I'm honest. A viral video showing a costumed vigilante? sure, why not, this city never stops. More on this if it actually goes anywhere.",human,social_post,False
"Okay so here's the thing about Spider-Man's rescue during the bridge collapse. Spider-Man's rescue during the bridge collapse? sure, why not, this city never stops. Nobody warned me Spider-Man's rescue during the bridge collapse would take this long to sort out. Nobody warned me Spider-Man's rescue during the bridge collapse would take this long to sort out. for what it's worth. Honestly Spider-Man's rescue during the bridge collapse was wilder than anyone expected. I got there late and Spider-Man's rescue during the bridge collapse was already old news to everyone on the block. I'm still annoyed about Spider-Man's rescue during the bridge collapse, if I'm honest.",human,social_post,False
"Half the block showed up to see the annual Halloween parade in the Village. Honestly the annual Halloween parade in the Village was wilder than anyone expected. I still don't buy it, honestly. The annual Halloween parade in the Village? sure, why not, this city never stops. still can't believe I'm writing this. Honestly the annual Halloween parade in the Village was wilder than anyone expected. I'm still annoyed about the annual Halloween parade in the Village, if I'm honest. The annual Halloween parade in the Village? sure, why not, this city never stops. Three people I talked to about the annual Halloween parade in the Village couldn't even agree on what happened. The annual Halloween parade in the Village? sure, why not, this city never stops. and yeah, it was as messy as it sounds. My gut says the annual Halloween parade in the Village isn't going away anytime soon. Honestly the annual Halloween parade in the Village was wilder than anyone expected. Make of that what you will.",human,interview,False
"It has become increasingly evident that a viral video showing a costumed vigilante, several key factors must be considered. It is important to consider that a viral video showing a costumed vigilante could be argued affect residents in the area. It should be emphasized that Experts suggest that a viral video showing a costumed vigilante could be argued require continued attention from officials. It is also worth noting that The situation surrounding a viral video showing a costumed vigilante could reflect broader trends in the community. It is also worth noting that Analysts note that a viral video showing a costumed vigilante might have significant implications going forward. Also. Analysts note that a viral video showing a costumed vigilante tends to suggest have significant implications going forward. Also, Analysts note that a viral video showing a costumed vigilante could be argued have significant implications going forward. Bottom line, a viral video showing a costumed vigilante highlights the importance of continued vigilance and community engagement.",ai,social_post,True
"Three witnesses told me pretty much the same thing about a gallery opening downtown. I'm still annoyed about a gallery opening downtown, if I'm honest. Nobody warned me a gallery opening downtown would take this long to sort out. My gut says a gallery opening downtown isn't going away anytime soon. which nobody bothered to fact-check. We'll see what happens next.",human,article,False
"It is important to note that a community garden opening in Harlem, several key factors must be considered. Experts suggest that a community garden opening in Harlem is widely regarded as require continued attention from officials. Consequently, The situation surrounding a community garden opening in Harlem is often seen as reflect broader trends in the community. As a result, Experts suggest that a community garden opening in Harlem appears to indicate require continued attention from officials. It is also worth noting that Analysts note that a community garden opening in Harlem may potentially have significant implications going forward. Additionally, The situation surrounding a community garden opening in Harlem tends to suggest reflect broader trends in the community. Additionally, Experts suggest that a community garden opening in Harlem tends to suggest require continued attention from officials. On the other hand, The situation surrounding a community garden opening in Harlem appears to indicate reflect broader trends in the community. In conclusion, a community garden opening in Harlem highlights the importance of continued vigilance and community engagement.",ai,article,False
"Half the block showed up to see the subway delays on the 4 train line. Three people I talked to about the subway delays on the 4 train line couldn't even agree on what happened. I'm still annoyed about the subway delays on the 4 train line, if I'm honest. The subway delays on the 4 train line? sure, why not, this city never stops. The subway delays on the 4 train line? sure, why not, this city never stops. (don't ask how long that took). My gut says the subway delays on the 4 train line isn't going away anytime soon. Honestly the subway delays on the 4 train line was wilder than anyone expected. still can't believe I'm writing this.",human,social_post,False
"As reports continue to emerge about a labor strike at the Brooklyn shipping docks, several key factors must be considered. The developments related to a labor strike at the Brooklyn shipping docks remains to be seen warrant further monitoring. In addition, The situation surrounding a labor strike at the Brooklyn shipping docks could be argued reflect broader trends in the community. Furthermore, Analysts note that a labor strike at the Brooklyn shipping docks could be argued have significant implications going forward. Consequently, It is important to consider that a labor strike at the Brooklyn shipping docks is often seen as affect residents in the area. In summary, Analysts note that a labor strike at the Brooklyn shipping docks may potentially have significant implications going forward. In summary, The developments related to a labor strike at the Brooklyn shipping docks is widely regarded as warrant further monitoring. In addition, It is important to consider that a labor strike at the Brooklyn shipping docks tends to suggest affect residents in the area. In conclusion, a labor strike at the Brooklyn shipping docks highlights the importance of continued vigilance and community engagement.",ai,interview,False
"In recent developments regarding the Daily Bugle's latest circulation numbers, several key factors must be considered. Analysts note that the Daily Bugle's latest circulation numbers could be argued have significant implications going forward. So basically, Experts suggest that the Daily Bugle's latest circulation numbers might require continued attention from officials. Also, It is important to consider that the Daily Bugle's latest circulation numbers is often seen as affect residents in the area. So basically, Experts suggest that the Daily Bugle's latest circulation numbers might require continued attention from officials. Plus, The developments related to the Daily Bugle's latest circulation numbers might warrant further monitoring. It is also worth noting that It is important to consider that the Daily Bugle's latest circulation numbers is basically seen as affect residents in the area. It is also worth noting that The situation surrounding the Daily Bugle's latest circulation numbers is basically seen as reflect broader trends in the community. Bottom line, the Daily Bugle's latest circulation numbers highlights the importance of continued vigilance and community engagement.",ai,social_post,True
"As reports continue to emerge about a community garden opening in Harlem, several key factors must be considered. It is important to consider that a community garden opening in Harlem may potentially affect residents in the area. It should be emphasized that It is important to consider that a community garden opening in Harlem may potentially affect residents in the area. In summary, Analysts note that a community garden opening in Harlem could possibly have significant implications going forward. On the other hand, It is important to consider that a community garden opening in Harlem could possibly affect residents in the area. Additionally, Experts suggest that a community garden opening in Harlem is generally considered require continued attention from officials. Additionally, It is important to consider that a community garden opening in Harlem tends to suggest affect residents in the area. Moreover, Experts suggest that a community garden opening in Harlem could possibly require continued attention from officials. In conclusion, a community garden opening in Harlem highlights the importance of continued vigilance and community engagement.",ai,article,False
"It has become increasingly evident that a community garden opening in Harlem, several key factors must be considered. The developments related to a community garden opening in Harlem could be argued warrant further monitoring. It should be emphasized that Experts suggest that a community garden opening in Harlem could be argued require continued attention from officials. So, Experts suggest that a community garden opening in Harlem tends to suggest require continued attention from officials. So basically, The developments related to a community garden opening in Harlem is often seen as warrant further monitoring. So basically, Analysts note that a community garden opening in Harlem is often seen as have significant implications going forward. Bottom line, a community garden opening in Harlem highlights the importance of continued vigilance and community engagement.",ai,interview,True
"Look, I wasn't expecting much when I showed up, but the ongoing heatwave affecting Queens. Three people I talked to about the ongoing heatwave affecting Queens couldn't even agree on what happened. My gut says the ongoing heatwave affecting Queens isn't going away anytime soon. go figure. The ongoing heatwave affecting Queens? sure, why not, this city never stops. and yeah, it was as messy as it sounds. The ongoing heatwave affecting Queens? sure, why not, this city never stops. Three people I talked to about the ongoing heatwave affecting Queens couldn't even agree on what happened. I got there late and the ongoing heatwave affecting Queens was already old news to everyone on the block. still can't believe I'm writing this. Honestly the ongoing heatwave affecting Queens was wilder than anyone expected. You can't make this stuff up, the ongoing heatwave affecting Queens, of all things. Make of that what you will.",human,article,False
"You'd think by now people would stop being surprised by Spider-Man's rescue during the bridge collapse. My gut says Spider-Man's rescue during the bridge collapse isn't going away anytime soon. I got there late and Spider-Man's rescue during the bridge collapse was already old news to everyone on the block. Three people I talked to about Spider-Man's rescue during the bridge collapse couldn't even agree on what happened. (don't ask how long that took). My gut says Spider-Man's rescue during the bridge collapse isn't going away anytime soon. I got there late and Spider-Man's rescue during the bridge collapse was already old news to everyone on the block. You can't make this stuff up, Spider-Man's rescue during the bridge collapse, of all things. — which, sure, tracks —. You can't make this stuff up, Spider-Man's rescue during the bridge collapse, of all things. Honestly Spider-Man's rescue during the bridge collapse was wilder than anyone expected. which is saying something. My gut says Spider-Man's rescue during the bridge collapse isn't going away anytime soon. which is saying something.",human,social_post,False
"As reports continue to emerge about the mayor's press conference on crime rates, several key factors must be considered. The developments related to the mayor's press conference on crime rates is often seen as warrant further monitoring. It should be emphasized that The situation surrounding the mayor's press conference on crime rates is widely regarded as reflect broader trends in the community. Moreover, Experts suggest that the mayor's press conference on crime rates could be argued require continued attention from officials. It is also worth noting that The developments related to the mayor's press conference on crime rates could possibly warrant further monitoring. It is also worth noting that Analysts note that the mayor's press conference on crime rates tends to suggest have significant implications going forward. Moreover, Experts suggest that the mayor's press conference on crime rates is often seen as require continued attention from officials. In conclusion, the mayor's press conference on crime rates highlights the importance of continued vigilance and community engagement.",ai,social_post,False
"It has become increasingly evident that a community garden opening in Harlem, several key factors must be considered. Analysts note that a community garden opening in Harlem remains to be seen have significant implications going forward. Consequently, The situation surrounding a community garden opening in Harlem is often seen as reflect broader trends in the community. It should be emphasized that It is important to consider that a community garden opening in Harlem is often seen as affect residents in the area. Consequently, Experts suggest that a community garden opening in Harlem could be argued require continued attention from officials. Moreover, The situation surrounding a community garden opening in Harlem could be argued reflect broader trends in the community. In summary, The situation surrounding a community garden opening in Harlem remains to be seen reflect broader trends in the community. It is also worth noting that Experts suggest that a community garden opening in Harlem could be argued require continued attention from officials. In conclusion, a community garden opening in Harlem highlights the importance of continued vigilance and community engagement.",ai,social_post,False
"My editor didn't want this angle, but a community garden opening in Harlem. A community garden opening in Harlem? sure, why not, this city never stops. Three people I talked to about a community garden opening in Harlem couldn't even agree on what happened. Honestly a community garden opening in Harlem was wilder than anyone expected. still can't believe I'm writing this. I'm still annoyed about a community garden opening in Harlem, if I'm honest. — which, sure, tracks —. You can't make this stuff up, a community garden opening in Harlem, of all things. Honestly a community garden opening in Harlem was wilder than anyone expected. which nobody bothered to fact-check. Honestly a community garden opening in Harlem was wilder than anyone expected. I got there late and a community garden opening in Harlem was already old news to everyone on the block. Nobody warned me a community garden opening in Harlem would take this long to sort out. We'll see what happens next.",human,article,False
"It's hard to explain how chaotic it got when Spider-Man's rescue during the bridge collapse. I'm still annoyed about Spider-Man's rescue during the bridge collapse, if I'm honest. I got there late and Spider-Man's rescue during the bridge collapse was already old news to everyone on the block. I'm still annoyed about Spider-Man's rescue during the bridge collapse, if I'm honest. Spider-Man's rescue during the bridge collapse? sure, why not, this city never stops. and yeah, it was as messy as it sounds.",human,social_post,False
"According to available information about rising rent prices in Manhattan, several key factors must be considered. Analysts note that rising rent prices in Manhattan may potentially have significant implications going forward. Furthermore, Analysts note that rising rent prices in Manhattan may potentially have significant implications going forward. Furthermore, The developments related to rising rent prices in Manhattan may potentially warrant further monitoring. Additionally, The developments related to rising rent prices in Manhattan is generally considered warrant further monitoring. Consequently, The developments related to rising rent prices in Manhattan could possibly warrant further monitoring. Moreover, It is important to consider that rising rent prices in Manhattan remains to be seen affect residents in the area. On the other hand, The developments related to rising rent prices in Manhattan remains to be seen warrant further monitoring. In conclusion, rising rent prices in Manhattan highlights the importance of continued vigilance and community engagement.",ai,social_post,False
"Overall, it is worth highlighting that the mayor's press conference on crime rates, several key factors must be considered. The situation surrounding the mayor's press conference on crime rates remains to be seen reflect broader trends in the community. On the other hand, It is important to consider that the mayor's press conference on crime rates is kind of seen as affect residents in the area. Also, The developments related to the mayor's press conference on crime rates appears to indicate warrant further monitoring. Also, Analysts note that the mayor's press conference on crime rates appears to indicate have significant implications going forward. So. The situation surrounding the mayor's press conference on crime rates remains to be seen reflect broader trends in the community. So, Experts suggest that the mayor's press conference on crime rates might require continued attention from officials. Bottom line, the mayor's press conference on crime rates highlights the importance of continued vigilance and community engagement.",ai,social_post,True
"It is important to note that a viral video showing a costumed vigilante, several key factors must be considered. Experts suggest that a viral video showing a costumed vigilante is generally considered require continued attention from officials. Additionally, Experts suggest that a viral video showing a costumed vigilante remains to be seen require continued attention from officials. In addition, Experts suggest that a viral video showing a costumed vigilante could be argued require continued attention from officials. In addition, The developments related to a viral video showing a costumed vigilante is widely regarded as warrant further monitoring. In addition, Experts suggest that a viral video showing a costumed vigilante could be argued require continued attention from officials. Additionally, It is important to consider that a viral video showing a costumed vigilante may potentially affect residents in the area. In conclusion, a viral video showing a costumed vigilante highlights the importance of continued vigilance and community engagement.",ai,interview,False
"Nobody saw this coming, least of all a viral video showing a costumed vigilante. Nobody warned me a viral video showing a costumed vigilante would take this long to sort out. You can't make this stuff up, a viral video showing a costumed vigilante, of all things. I'm still annoyed about a viral video showing a costumed vigilante, if I'm honest. Three people I talked to about a viral video showing a costumed vigilante couldn't even agree on what happened. A viral video showing a costumed vigilante? sure, why not, this city never stops. I got there late and a viral video showing a costumed vigilante was already old news to everyone on the block. (don't ask how long that took).",human,interview,False
"It's hard to explain how chaotic it got when a gallery opening downtown. I'm still annoyed about a gallery opening downtown, if I'm honest. I'm still annoyed about a gallery opening downtown, if I'm honest. still can't believe I'm writing this. A gallery opening downtown? sure, why not, this city never stops. no joke. Honestly a gallery opening downtown was wilder than anyone expected. I still don't buy it, honestly. Honestly a gallery opening downtown was wilder than anyone expected. You can't make this stuff up, a gallery opening downtown, of all things. go figure. A gallery opening downtown? sure, why not, this city never stops. My gut says a gallery opening downtown isn't going away anytime soon. We'll see what happens next.",human,social_post,False
"In light of recent events surrounding Spider-Man's rescue during the bridge collapse, several key factors must be considered. The situation surrounding Spider-Man's rescue during the bridge collapse may potentially reflect broader trends in the community. In addition, Experts suggest that Spider-Man's rescue during the bridge collapse is widely regarded as require continued attention from officials. It is also worth noting that It is important to consider that Spider-Man's rescue during the bridge collapse is generally considered affect residents in the area. Moreover, Analysts note that Spider-Man's rescue during the bridge collapse could possibly have significant implications going forward. Additionally, It is important to consider that Spider-Man's rescue during the bridge collapse appears to indicate affect residents in the area. In conclusion, Spider-Man's rescue during the bridge collapse highlights the importance of continued vigilance and community engagement.",ai,article,False
"It's hard to explain how chaotic it got when a community garden opening in Harlem. I got there late and a community garden opening in Harlem was already old news to everyone on the block. You can't make this stuff up, a community garden opening in Harlem, of all things. I'm still annoyed about a community garden opening in Harlem, if I'm honest. — which, sure, tracks —. Nobody warned me a community garden opening in Harlem would take this long to sort out. Honestly a community garden opening in Harlem was wilder than anyone expected. still can't believe I'm writing this. You can't make this stuff up, a community garden opening in Harlem, of all things. I still don't buy it, honestly. Make of that what you will.",human,social_post,False
"It has become increasingly evident that the annual Halloween parade in the Village, several key factors must be considered. It is important to consider that the annual Halloween parade in the Village appears to indicate affect residents in the area. Also, It is important to consider that the annual Halloween parade in the Village is basically seen as affect residents in the area. Plus. The developments related to the annual halloween parade in the village could warrant further monitoring. It is also worth noting that The situation surrounding the annual Halloween parade in the Village is often seen as reflect broader trends in the community. Also, Experts suggest that the annual Halloween parade in the Village is kind of seen as require continued attention from officials. Bottom line, the annual Halloween parade in the Village highlights the importance of continued vigilance and community engagement.",ai,interview,True
"It is important to note that Spider-Man's rescue during the bridge collapse, several key factors must be considered. Experts suggest that Spider-Man's rescue during the bridge collapse is widely regarded as require continued attention from officials. In summary, Analysts note that Spider-Man's rescue during the bridge collapse could be argued have significant implications going forward. It should be emphasized that The situation surrounding Spider-Man's rescue during the bridge collapse is widely regarded as reflect broader trends in the community. Moreover, The developments related to Spider-Man's rescue during the bridge collapse is generally considered warrant further monitoring. Moreover, Experts suggest that Spider-Man's rescue during the bridge collapse remains to be seen require continued attention from officials. Moreover, Analysts note that Spider-Man's rescue during the bridge collapse is widely regarded as have significant implications going forward. In conclusion, Spider-Man's rescue during the bridge collapse highlights the importance of continued vigilance and community engagement.",ai,article,False
"In today's rapidly evolving landscape, a viral video showing a costumed vigilante, several key factors must be considered. The developments related to a viral video showing a costumed vigilante could be argued warrant further monitoring. In summary, Experts suggest that a viral video showing a costumed vigilante tends to suggest require continued attention from officials. Furthermore, Analysts note that a viral video showing a costumed vigilante tends to suggest have significant implications going forward. Additionally, The developments related to a viral video showing a costumed vigilante is widely regarded as warrant further monitoring. As a result, The situation surrounding a viral video showing a costumed vigilante tends to suggest reflect broader trends in the community. Furthermore, It is important to consider that a viral video showing a costumed vigilante appears to indicate affect residents in the area. In summary, Experts suggest that a viral video showing a costumed vigilante is generally considered require continued attention from officials. In conclusion, a viral video showing a costumed vigilante highlights the importance of continued vigilance and community engagement.",ai,article,False
"In recent developments regarding the new city council transit funding bill, several key factors must be considered. The developments related to the new city council transit funding bill could warrant further monitoring. It should be emphasized that Analysts note that the new city council transit funding bill is kind of seen as have significant implications going forward. So, It is important to consider that the new city council transit funding bill tends to suggest affect residents in the area. On the other hand, It is important to consider that the new city council transit funding bill remains to be seen affect residents in the area. Plus, The developments related to the new city council transit funding bill is often seen as warrant further monitoring. It is also worth noting that The developments related to the new city council transit funding bill is basically seen as warrant further monitoring. Bottom line, the new city council transit funding bill highlights the importance of continued vigilance and community engagement.",ai,social_post,True
"In recent developments regarding the annual Halloween parade in the Village, several key factors must be considered. It is important to consider that the annual Halloween parade in the Village is kind of seen as affect residents in the area. It should be emphasized that Analysts note that the annual Halloween parade in the Village remains to be seen have significant implications going forward. Additionally, Experts suggest that the annual Halloween parade in the Village is basically seen as require continued attention from officials. It should be emphasized that The situation surrounding the annual Halloween parade in the Village is kind of seen as reflect broader trends in the community. Also, The developments related to the annual Halloween parade in the Village could warrant further monitoring. So, Experts suggest that the annual Halloween parade in the Village could require continued attention from officials. It is also worth noting that Analysts note that the annual Halloween parade in the Village is often seen as have significant implications going forward. Bottom line, the annual Halloween parade in the Village highlights the importance of continued vigilance and community engagement.",ai,social_post,True
It's hard to explain how chaotic it got when a community garden opening in Harlem. Nobody warned me a community garden opening in Harlem would take this long to sort out. (don't ask how long that took). Three people I talked to about a community garden opening in Harlem couldn't even agree on what happened. Nobody warned me a community garden opening in Harlem would take this long to sort out. no joke.,human,interview,False
"I've covered a lot of stories, and honestly the ESU basketball team's playoff run. I got there late and the ESU basketball team's playoff run was already old news to everyone on the block. Nobody warned me the ESU basketball team's playoff run would take this long to sort out. I'm still annoyed about the ESU basketball team's playoff run, if I'm honest. I got there late and the ESU basketball team's playoff run was already old news to everyone on the block. The ESU basketball team's playoff run? sure, why not, this city never stops. still can't believe I'm writing this.",human,article,False
"Overall, it is worth highlighting that the ESU basketball team's playoff run, several key factors must be considered. The situation surrounding the ESU basketball team's playoff run could possibly reflect broader trends in the community. Furthermore, Experts suggest that the ESU basketball team's playoff run is widely regarded as require continued attention from officials. Furthermore, It is important to consider that the ESU basketball team's playoff run is often seen as affect residents in the area. In summary, Analysts note that the ESU basketball team's playoff run remains to be seen have significant implications going forward. Additionally, Experts suggest that the ESU basketball team's playoff run is generally considered require continued attention from officials. As a result, Analysts note that the ESU basketball team's playoff run tends to suggest have significant implications going forward. In conclusion, the ESU basketball team's playoff run highlights the importance of continued vigilance and community engagement.",ai,article,False
"In today's rapidly evolving landscape, Spider-Man's rescue during the bridge collapse, several key factors must be considered. The developments related to Spider-Man's rescue during the bridge collapse may potentially warrant further monitoring. On the other hand, The developments related to Spider-Man's rescue during the bridge collapse is often seen as warrant further monitoring. In addition, The developments related to Spider-Man's rescue during the bridge collapse remains to be seen warrant further monitoring. It is also worth noting that Experts suggest that Spider-Man's rescue during the bridge collapse could possibly require continued attention from officials. Moreover, Analysts note that Spider-Man's rescue during the bridge collapse is often seen as have significant implications going forward. Furthermore, It is important to consider that Spider-Man's rescue during the bridge collapse appears to indicate affect residents in the area. In conclusion, Spider-Man's rescue during the bridge collapse highlights the importance of continued vigilance and community engagement.",ai,article,False
"According to available information about a gallery opening downtown, several key factors must be considered. Experts suggest that a gallery opening downtown could require continued attention from officials. It should be emphasized that The situation surrounding a gallery opening downtown could be argued reflect broader trends in the community. It is also worth noting that Analysts note that a gallery opening downtown could have significant implications going forward. It should be emphasized that The situation surrounding a gallery opening downtown is kind of seen as reflect broader trends in the community. On the other hand, It is important to consider that a gallery opening downtown remains to be seen affect residents in the area. Also, Analysts note that a gallery opening downtown might have significant implications going forward. It should be emphasized that Analysts note that a gallery opening downtown is basically seen as have significant implications going forward. Bottom line, a gallery opening downtown highlights the importance of continued vigilance and community engagement.",ai,interview,True
"In recent developments regarding the ongoing heatwave affecting Queens, several key factors must be considered. The situation surrounding the ongoing heatwave affecting Queens tends to suggest reflect broader trends in the community. In summary, Experts suggest that the ongoing heatwave affecting Queens is generally considered require continued attention from officials. In addition, The situation surrounding the ongoing heatwave affecting Queens could possibly reflect broader trends in the community. In summary, The situation surrounding the ongoing heatwave affecting Queens is widely regarded as reflect broader trends in the community. It is also worth noting that It is important to consider that the ongoing heatwave affecting Queens is often seen as affect residents in the area. Consequently, The situation surrounding the ongoing heatwave affecting Queens appears to indicate reflect broader trends in the community. It should be emphasized that Analysts note that the ongoing heatwave affecting Queens could be argued have significant implications going forward. In conclusion, the ongoing heatwave affecting Queens highlights the importance of continued vigilance and community engagement.",ai,social_post,False
"According to available information about the ESU basketball team's playoff run, several key factors must be considered. Experts suggest that the ESU basketball team's playoff run remains to be seen require continued attention from officials. Additionally, It is important to consider that the ESU basketball team's playoff run could be argued affect residents in the area. On the other hand, The situation surrounding the ESU basketball team's playoff run could be argued reflect broader trends in the community. Moreover, The situation surrounding the ESU basketball team's playoff run is often seen as reflect broader trends in the community. Consequently, It is important to consider that the ESU basketball team's playoff run remains to be seen affect residents in the area. Consequently, The developments related to the ESU basketball team's playoff run remains to be seen warrant further monitoring. Moreover, Analysts note that the ESU basketball team's playoff run may potentially have significant implications going forward. In conclusion, the ESU basketball team's playoff run highlights the importance of continued vigilance and community engagement.",ai,interview,False
"Nobody saw this coming, least of all a labor strike at the Brooklyn shipping docks. Honestly a labor strike at the Brooklyn shipping docks was wilder than anyone expected. Nobody warned me a labor strike at the Brooklyn shipping docks would take this long to sort out. which is saying something. Honestly a labor strike at the Brooklyn shipping docks was wilder than anyone expected. still can't believe I'm writing this. I got there late and a labor strike at the Brooklyn shipping docks was already old news to everyone on the block. I still don't buy it, honestly. I got there late and a labor strike at the Brooklyn shipping docks was already old news to everyone on the block. for what it's worth. I'm still annoyed about a labor strike at the Brooklyn shipping docks, if I'm honest. Three people I talked to about a labor strike at the Brooklyn shipping docks couldn't even agree on what happened. and yeah, it was as messy as it sounds. Nobody warned me a labor strike at the Brooklyn shipping docks would take this long to sort out. which nobody bothered to fact-check. Anyway, that's where things stand.",human,article,False
"In today's rapidly evolving landscape, a break-in at an Oscorp research facility, several key factors must be considered. The situation surrounding a break-in at an Oscorp research facility is kind of seen as reflect broader trends in the community. It is also worth noting that Experts suggest that a break-in at an Oscorp research facility could be argued require continued attention from officials. Plus, It is important to consider that a break-in at an Oscorp research facility is often seen as affect residents in the area. It is also worth noting that Analysts note that a break-in at an Oscorp research facility is basically seen as have significant implications going forward. Also, Analysts note that a break-in at an Oscorp research facility appears to indicate have significant implications going forward. Bottom line, a break-in at an Oscorp research facility highlights the importance of continued vigilance and community engagement.",ai,interview,True
"You'd think by now people would stop being surprised by the annual Halloween parade in the Village. I got there late and the annual Halloween parade in the Village was already old news to everyone on the block. I'm still annoyed about the annual Halloween parade in the Village, if I'm honest. go figure. Nobody warned me the annual Halloween parade in the Village would take this long to sort out. — which, sure, tracks —. Nobody warned me the annual Halloween parade in the Village would take this long to sort out. for what it's worth. I'm still annoyed about the annual Halloween parade in the Village, if I'm honest. Honestly the annual Halloween parade in the Village was wilder than anyone expected.",human,article,False
"Notably, the situation involving a community garden opening in Harlem, several key factors must be considered. The situation surrounding a community garden opening in Harlem is basically seen as reflect broader trends in the community. Additionally, Experts suggest that a community garden opening in Harlem could be argued require continued attention from officials. Also, Experts suggest that a community garden opening in Harlem is basically seen as require continued attention from officials. Also, Experts suggest that a community garden opening in Harlem tends to suggest require continued attention from officials. So. The situation surrounding a community garden opening in harlem remains to be seen reflect broader trends in the community. Bottom line, a community garden opening in Harlem highlights the importance of continued vigilance and community engagement.",ai,article,True
"I'll be straight with you about a school fundraiser at Midtown High. Nobody warned me a school fundraiser at Midtown High would take this long to sort out. A school fundraiser at Midtown High? sure, why not, this city never stops. Three people I talked to about a school fundraiser at Midtown High couldn't even agree on what happened. I got there late and a school fundraiser at Midtown High was already old news to everyone on the block. Nobody warned me a school fundraiser at Midtown High would take this long to sort out. still can't believe I'm writing this. Honestly a school fundraiser at Midtown High was wilder than anyone expected. I got there late and a school fundraiser at Midtown High was already old news to everyone on the block. and yeah, it was as messy as it sounds. A school fundraiser at Midtown High? sure, why not, this city never stops. Nobody warned me a school fundraiser at Midtown High would take this long to sort out.",human,interview,False
"My editor didn't want this angle, but a gallery opening downtown. Honestly a gallery opening downtown was wilder than anyone expected. I got there late and a gallery opening downtown was already old news to everyone on the block. I got there late and a gallery opening downtown was already old news to everyone on the block. which nobody bothered to fact-check. My gut says a gallery opening downtown isn't going away anytime soon. Nobody warned me a gallery opening downtown would take this long to sort out. You can't make this stuff up, a gallery opening downtown, of all things. Nobody warned me a gallery opening downtown would take this long to sort out. Three people I talked to about a gallery opening downtown couldn't even agree on what happened. You can't make this stuff up, a gallery opening downtown, of all things.",human,interview,False
"I'll be straight with you about a community garden opening in Harlem. A community garden opening in Harlem? sure, why not, this city never stops. You can't make this stuff up, a community garden opening in Harlem, of all things. still can't believe I'm writing this. Honestly a community garden opening in Harlem was wilder than anyone expected. no joke. Honestly a community garden opening in Harlem was wilder than anyone expected. and yeah, it was as messy as it sounds. Anyway, that's where things stand.",human,social_post,False
"Look, I wasn't expecting much when I showed up, but a school fundraiser at Midtown High. I got there late and a school fundraiser at Midtown High was already old news to everyone on the block. I got there late and a school fundraiser at Midtown High was already old news to everyone on the block. and yeah, it was as messy as it sounds. A school fundraiser at Midtown High? sure, why not, this city never stops. Nobody warned me a school fundraiser at Midtown High would take this long to sort out. A school fundraiser at Midtown High? sure, why not, this city never stops. Nobody warned me a school fundraiser at Midtown High would take this long to sort out.",human,article,False
"Okay so here's the thing about the new city council transit funding bill. My gut says the new city council transit funding bill isn't going away anytime soon. I got there late and the new city council transit funding bill was already old news to everyone on the block. Nobody warned me the new city council transit funding bill would take this long to sort out. Three people I talked to about the new city council transit funding bill couldn't even agree on what happened. for what it's worth. My gut says the new city council transit funding bill isn't going away anytime soon. — which, sure, tracks —.",human,social_post,False
"Overall, it is worth highlighting that the mayor's press conference on crime rates, several key factors must be considered. It is important to consider that the mayor's press conference on crime rates is widely regarded as affect residents in the area. It is also worth noting that Analysts note that the mayor's press conference on crime rates is often seen as have significant implications going forward. Consequently, The situation surrounding the mayor's press conference on crime rates is generally considered reflect broader trends in the community. Additionally, Analysts note that the mayor's press conference on crime rates tends to suggest have significant implications going forward. It should be emphasized that Analysts note that the mayor's press conference on crime rates remains to be seen have significant implications going forward. In conclusion, the mayor's press conference on crime rates highlights the importance of continued vigilance and community engagement.",ai,social_post,False
"Also, sources indicate that rising rent prices in Manhattan, several key factors must be considered. It is important to consider that rising rent prices in Manhattan could affect residents in the area. So basically, The developments related to rising rent prices in Manhattan is kind of seen as warrant further monitoring. So. The situation surrounding rising rent prices in manhattan might reflect broader trends in the community. Also, The developments related to rising rent prices in Manhattan is kind of seen as warrant further monitoring. So basically, The situation surrounding rising rent prices in Manhattan remains to be seen reflect broader trends in the community. So basically, Analysts note that rising rent prices in Manhattan is basically seen as have significant implications going forward. Additionally, The situation surrounding rising rent prices in Manhattan is often seen as reflect broader trends in the community. Bottom line, rising rent prices in Manhattan highlights the importance of continued vigilance and community engagement.",ai,article,True
"Worth noting, rising rent prices in Manhattan, several key factors must be considered. It is important to consider that rising rent prices in Manhattan tends to suggest affect residents in the area. So basically, It is important to consider that rising rent prices in Manhattan tends to suggest affect residents in the area. It is also worth noting that Experts suggest that rising rent prices in Manhattan might require continued attention from officials. So. It is important to consider that rising rent prices in manhattan is basically seen as affect residents in the area. On the other hand, The developments related to rising rent prices in Manhattan might warrant further monitoring. It should be emphasized that The situation surrounding rising rent prices in Manhattan remains to be seen reflect broader trends in the community. So, Experts suggest that rising rent prices in Manhattan might require continued attention from officials. Bottom line, rising rent prices in Manhattan highlights the importance of continued vigilance and community engagement.",ai,social_post,True
"Nobody saw this coming, least of all the mayor's press conference on crime rates. Three people I talked to about the mayor's press conference on crime rates couldn't even agree on what happened. Nobody warned me the mayor's press conference on crime rates would take this long to sort out. My gut says the mayor's press conference on crime rates isn't going away anytime soon. The mayor's press conference on crime rates? sure, why not, this city never stops. The mayor's press conference on crime rates? sure, why not, this city never stops. Anyway, that's where things stand.",human,article,False
"Notably, the situation involving a community garden opening in Harlem, several key factors must be considered. The situation surrounding a community garden opening in Harlem is often seen as reflect broader trends in the community. It is also worth noting that It is important to consider that a community garden opening in Harlem is generally considered affect residents in the area. Furthermore, It is important to consider that a community garden opening in Harlem may potentially affect residents in the area. Additionally, Analysts note that a community garden opening in Harlem could be argued have significant implications going forward. Moreover, The situation surrounding a community garden opening in Harlem remains to be seen reflect broader trends in the community. Moreover, It is important to consider that a community garden opening in Harlem could possibly affect residents in the area. It should be emphasized that The situation surrounding a community garden opening in Harlem tends to suggest reflect broader trends in the community. In conclusion, a community garden opening in Harlem highlights the importance of continued vigilance and community engagement.",ai,social_post,False
"It has become increasingly evident that the annual Halloween parade in the Village, several key factors must be considered. Experts suggest that the annual Halloween parade in the Village is often seen as require continued attention from officials. It should be emphasized that Analysts note that the annual Halloween parade in the Village may potentially have significant implications going forward. It is also worth noting that It is important to consider that the annual Halloween parade in the Village appears to indicate affect residents in the area. In summary, The situation surrounding the annual Halloween parade in the Village remains to be seen reflect broader trends in the community. Furthermore, Analysts note that the annual Halloween parade in the Village remains to be seen have significant implications going forward. In summary, It is important to consider that the annual Halloween parade in the Village could be argued affect residents in the area. In conclusion, the annual Halloween parade in the Village highlights the importance of continued vigilance and community engagement.",ai,social_post,False
"In recent developments regarding a labor strike at the Brooklyn shipping docks, several key factors must be considered. It is important to consider that a labor strike at the Brooklyn shipping docks appears to indicate affect residents in the area. On the other hand, It is important to consider that a labor strike at the Brooklyn shipping docks could affect residents in the area. It should be emphasized that Analysts note that a labor strike at the Brooklyn shipping docks remains to be seen have significant implications going forward. So basically, The developments related to a labor strike at the Brooklyn shipping docks tends to suggest warrant further monitoring. Plus, Analysts note that a labor strike at the Brooklyn shipping docks appears to indicate have significant implications going forward. It is also worth noting that The situation surrounding a labor strike at the Brooklyn shipping docks is basically seen as reflect broader trends in the community. Also, The developments related to a labor strike at the Brooklyn shipping docks remains to be seen warrant further monitoring. Bottom line, a labor strike at the Brooklyn shipping docks highlights the importance of continued vigilance and community engagement.",ai,interview,True
"Okay so here's the thing about the subway delays on the 4 train line. My gut says the subway delays on the 4 train line isn't going away anytime soon. My gut says the subway delays on the 4 train line isn't going away anytime soon. I still don't buy it, honestly. I got there late and the subway delays on the 4 train line was already old news to everyone on the block.",human,interview,False
"Worth noting, a gallery opening downtown, several key factors must be considered. Experts suggest that a gallery opening downtown is basically seen as require continued attention from officials. Plus, Experts suggest that a gallery opening downtown is often seen as require continued attention from officials. On the other hand. The developments related to a gallery opening downtown tends to suggest warrant further monitoring. So basically, Experts suggest that a gallery opening downtown appears to indicate require continued attention from officials. So, It is important to consider that a gallery opening downtown appears to indicate affect residents in the area. Bottom line, a gallery opening downtown highlights the importance of continued vigilance and community engagement.",ai,social_post,True
"Half the block showed up to see a viral video showing a costumed vigilante. Three people I talked to about a viral video showing a costumed vigilante couldn't even agree on what happened. (don't ask how long that took). Nobody warned me a viral video showing a costumed vigilante would take this long to sort out. still can't believe I'm writing this. Nobody warned me a viral video showing a costumed vigilante would take this long to sort out. A viral video showing a costumed vigilante? sure, why not, this city never stops. We'll see what happens next.",human,social_post,False
"My editor didn't want this angle, but the annual Halloween parade in the Village. Three people I talked to about the annual Halloween parade in the Village couldn't even agree on what happened. still can't believe I'm writing this. You can't make this stuff up, the annual Halloween parade in the Village, of all things. and yeah, it was as messy as it sounds. My gut says the annual Halloween parade in the Village isn't going away anytime soon. still can't believe I'm writing this. The annual Halloween parade in the Village? sure, why not, this city never stops. go figure. Make of that what you will.",human,social_post,False
"As reports continue to emerge about rising rent prices in Manhattan, several key factors must be considered. Experts suggest that rising rent prices in Manhattan might require continued attention from officials. Also, It is important to consider that rising rent prices in Manhattan is kind of seen as affect residents in the area. Also. The developments related to rising rent prices in manhattan could be argued warrant further monitoring. Also, The situation surrounding rising rent prices in Manhattan could reflect broader trends in the community. Additionally, The developments related to rising rent prices in Manhattan is kind of seen as warrant further monitoring. Bottom line, rising rent prices in Manhattan highlights the importance of continued vigilance and community engagement.",ai,article,True
"Half the block showed up to see a school fundraiser at Midtown High. Three people I talked to about a school fundraiser at Midtown High couldn't even agree on what happened. Honestly a school fundraiser at Midtown High was wilder than anyone expected. for what it's worth. A school fundraiser at Midtown High? sure, why not, this city never stops. Honestly a school fundraiser at Midtown High was wilder than anyone expected. Anyway, that's where things stand.",human,article,False
"You'd think by now people would stop being surprised by the annual Halloween parade in the Village. Nobody warned me the annual Halloween parade in the Village would take this long to sort out. (don't ask how long that took). I got there late and the annual Halloween parade in the Village was already old news to everyone on the block. Nobody warned me the annual Halloween parade in the Village would take this long to sort out. Honestly the annual Halloween parade in the Village was wilder than anyone expected. Nobody warned me the annual Halloween parade in the Village would take this long to sort out. The annual Halloween parade in the Village? sure, why not, this city never stops. Nobody warned me the annual Halloween parade in the Village would take this long to sort out. for what it's worth. Make of that what you will.",human,interview,False
"I've covered a lot of stories, and honestly the ESU basketball team's playoff run. You can't make this stuff up, the ESU basketball team's playoff run, of all things. The ESU basketball team's playoff run? sure, why not, this city never stops. Honestly the ESU basketball team's playoff run was wilder than anyone expected. I got there late and the ESU basketball team's playoff run was already old news to everyone on the block. (don't ask how long that took). Nobody warned me the ESU basketball team's playoff run would take this long to sort out. Three people I talked to about the ESU basketball team's playoff run couldn't even agree on what happened. which nobody bothered to fact-check. My gut says the ESU basketball team's playoff run isn't going away anytime soon. I got there late and the ESU basketball team's playoff run was already old news to everyone on the block. I still don't buy it, honestly.",human,interview,False
"I'll be straight with you about a viral video showing a costumed vigilante. A viral video showing a costumed vigilante? sure, why not, this city never stops. go figure. You can't make this stuff up, a viral video showing a costumed vigilante, of all things. I got there late and a viral video showing a costumed vigilante was already old news to everyone on the block. no joke. I'm still annoyed about a viral video showing a costumed vigilante, if I'm honest. and yeah, it was as messy as it sounds.",human,interview,False
"Half the block showed up to see the subway delays on the 4 train line. You can't make this stuff up, the subway delays on the 4 train line, of all things. Three people I talked to about the subway delays on the 4 train line couldn't even agree on what happened. I'm still annoyed about the subway delays on the 4 train line, if I'm honest. My gut says the subway delays on the 4 train line isn't going away anytime soon. Honestly the subway delays on the 4 train line was wilder than anyone expected. go figure. I'm still annoyed about the subway delays on the 4 train line, if I'm honest. (don't ask how long that took).",human,social_post,False
"In light of recent events surrounding the Daily Bugle's latest circulation numbers, several key factors must be considered. The situation surrounding the Daily Bugle's latest circulation numbers is generally considered reflect broader trends in the community. As a result, Analysts note that the Daily Bugle's latest circulation numbers may potentially have significant implications going forward. In addition, Experts suggest that the Daily Bugle's latest circulation numbers remains to be seen require continued attention from officials. Moreover, Experts suggest that the Daily Bugle's latest circulation numbers remains to be seen require continued attention from officials. Furthermore, It is important to consider that the Daily Bugle's latest circulation numbers is widely regarded as affect residents in the area. In summary, It is important to consider that the Daily Bugle's latest circulation numbers could be argued affect residents in the area. As a result, The situation surrounding the Daily Bugle's latest circulation numbers is generally considered reflect broader trends in the community. In conclusion, the Daily Bugle's latest circulation numbers highlights the importance of continued vigilance and community engagement.",ai,interview,False
"Okay so here's the thing about the annual Halloween parade in the Village. The annual Halloween parade in the Village? sure, why not, this city never stops. which nobody bothered to fact-check. The annual Halloween parade in the Village? sure, why not, this city never stops. I got there late and the annual Halloween parade in the Village was already old news to everyone on the block. I'm still annoyed about the annual Halloween parade in the Village, if I'm honest. I'm still annoyed about the annual Halloween parade in the Village, if I'm honest. I got there late and the annual Halloween parade in the Village was already old news to everyone on the block. go figure. Honestly the annual Halloween parade in the Village was wilder than anyone expected. (don't ask how long that took). My gut says the annual Halloween parade in the Village isn't going away anytime soon. More on this if it actually goes anywhere.",human,social_post,False
"In today's rapidly evolving landscape, a school fundraiser at Midtown High, several key factors must be considered. It is important to consider that a school fundraiser at Midtown High tends to suggest affect residents in the area. So, It is important to consider that a school fundraiser at Midtown High might affect residents in the area. On the other hand. The developments related to a school fundraiser at midtown high is kind of seen as warrant further monitoring. So basically, Experts suggest that a school fundraiser at Midtown High is basically seen as require continued attention from officials. It should be emphasized that It is important to consider that a school fundraiser at Midtown High remains to be seen affect residents in the area. So, It is important to consider that a school fundraiser at Midtown High is basically seen as affect residents in the area. Also, Experts suggest that a school fundraiser at Midtown High might require continued attention from officials. Bottom line, a school fundraiser at Midtown High highlights the importance of continued vigilance and community engagement.",ai,social_post,True
"In light of recent events surrounding a community garden opening in Harlem, several key factors must be considered. It is important to consider that a community garden opening in Harlem could affect residents in the area. Also, Experts suggest that a community garden opening in Harlem tends to suggest require continued attention from officials. On the other hand, The situation surrounding a community garden opening in Harlem could be argued reflect broader trends in the community. Additionally, The situation surrounding a community garden opening in Harlem is basically seen as reflect broader trends in the community. Also, It is important to consider that a community garden opening in Harlem could affect residents in the area. Bottom line, a community garden opening in Harlem highlights the importance of continued vigilance and community engagement.",ai,interview,True
"I've covered a lot of stories, and honestly the mayor's press conference on crime rates. Honestly the mayor's press conference on crime rates was wilder than anyone expected. Three people I talked to about the mayor's press conference on crime rates couldn't even agree on what happened. My gut says the mayor's press conference on crime rates isn't going away anytime soon. which is saying something. I'm still annoyed about the mayor's press conference on crime rates, if I'm honest. I still don't buy it, honestly.",human,article,False
"My editor didn't want this angle, but a break-in at an Oscorp research facility. Honestly a break-in at an Oscorp research facility was wilder than anyone expected. My gut says a break-in at an Oscorp research facility isn't going away anytime soon. and yeah, it was as messy as it sounds. Three people I talked to about a break-in at an Oscorp research facility couldn't even agree on what happened. go figure.",human,interview,False
"In light of recent events surrounding the ongoing heatwave affecting Queens, several key factors must be considered. The developments related to the ongoing heatwave affecting Queens is often seen as warrant further monitoring. As a result, Analysts note that the ongoing heatwave affecting Queens could possibly have significant implications going forward. Consequently, It is important to consider that the ongoing heatwave affecting Queens tends to suggest affect residents in the area. Furthermore, Experts suggest that the ongoing heatwave affecting Queens tends to suggest require continued attention from officials. It is also worth noting that Analysts note that the ongoing heatwave affecting Queens is often seen as have significant implications going forward. In addition, Analysts note that the ongoing heatwave affecting Queens is generally considered have significant implications going forward. Moreover, It is important to consider that the ongoing heatwave affecting Queens is widely regarded as affect residents in the area. In conclusion, the ongoing heatwave affecting Queens highlights the importance of continued vigilance and community engagement.",ai,social_post,False
"Half the block showed up to see the mayor's press conference on crime rates. My gut says the mayor's press conference on crime rates isn't going away anytime soon. Honestly the mayor's press conference on crime rates was wilder than anyone expected. (don't ask how long that took). Nobody warned me the mayor's press conference on crime rates would take this long to sort out. go figure. You can't make this stuff up, the mayor's press conference on crime rates, of all things. I'm still annoyed about the mayor's press conference on crime rates, if I'm honest. and yeah, it was as messy as it sounds. My gut says the mayor's press conference on crime rates isn't going away anytime soon.",human,article,False
"I've covered a lot of stories, and honestly the annual Halloween parade in the Village. The annual Halloween parade in the Village? sure, why not, this city never stops. Nobody warned me the annual Halloween parade in the Village would take this long to sort out. Three people I talked to about the annual Halloween parade in the Village couldn't even agree on what happened. which nobody bothered to fact-check. My gut says the annual Halloween parade in the Village isn't going away anytime soon. and yeah, it was as messy as it sounds.",human,social_post,False
You'd think by now people would stop being surprised by a labor strike at the Brooklyn shipping docks. I got there late and a labor strike at the Brooklyn shipping docks was already old news to everyone on the block. I got there late and a labor strike at the Brooklyn shipping docks was already old news to everyone on the block. Honestly a labor strike at the Brooklyn shipping docks was wilder than anyone expected. which nobody bothered to fact-check. Nobody warned me a labor strike at the Brooklyn shipping docks would take this long to sort out.,human,article,False
"It is important to note that rising rent prices in Manhattan, several key factors must be considered. It is important to consider that rising rent prices in Manhattan remains to be seen affect residents in the area. It is also worth noting that Experts suggest that rising rent prices in Manhattan is generally considered require continued attention from officials. Moreover, Analysts note that rising rent prices in Manhattan is often seen as have significant implications going forward. Additionally, The situation surrounding rising rent prices in Manhattan is often seen as reflect broader trends in the community. As a result, The situation surrounding rising rent prices in Manhattan remains to be seen reflect broader trends in the community. In summary, Analysts note that rising rent prices in Manhattan is widely regarded as have significant implications going forward. In conclusion, rising rent prices in Manhattan highlights the importance of continued vigilance and community engagement.",ai,article,False
"Notably, the situation involving a school fundraiser at Midtown High, several key factors must be considered. The situation surrounding a school fundraiser at Midtown High is often seen as reflect broader trends in the community. It is also worth noting that The situation surrounding a school fundraiser at Midtown High is basically seen as reflect broader trends in the community. So, Analysts note that a school fundraiser at Midtown High appears to indicate have significant implications going forward. Plus, It is important to consider that a school fundraiser at Midtown High is often seen as affect residents in the area. Plus, Analysts note that a school fundraiser at Midtown High is often seen as have significant implications going forward. So basically, The situation surrounding a school fundraiser at Midtown High is basically seen as reflect broader trends in the community. Additionally, The situation surrounding a school fundraiser at Midtown High appears to indicate reflect broader trends in the community. Bottom line, a school fundraiser at Midtown High highlights the importance of continued vigilance and community engagement.",ai,article,True
"In light of recent events surrounding a gallery opening downtown, several key factors must be considered. The developments related to a gallery opening downtown is basically seen as warrant further monitoring. So, It is important to consider that a gallery opening downtown appears to indicate affect residents in the area. So, Analysts note that a gallery opening downtown is often seen as have significant implications going forward. On the other hand, The situation surrounding a gallery opening downtown tends to suggest reflect broader trends in the community. So basically, Analysts note that a gallery opening downtown remains to be seen have significant implications going forward. Also, The developments related to a gallery opening downtown appears to indicate warrant further monitoring. Plus, Analysts note that a gallery opening downtown appears to indicate have significant implications going forward. Bottom line, a gallery opening downtown highlights the importance of continued vigilance and community engagement.",ai,article,True
"It has become increasingly evident that Spider-Man's rescue during the bridge collapse, several key factors must be considered. The situation surrounding Spider-Man's rescue during the bridge collapse is basically seen as reflect broader trends in the community. It is also worth noting that Analysts note that Spider-Man's rescue during the bridge collapse could have significant implications going forward. Also, The developments related to Spider-Man's rescue during the bridge collapse might warrant further monitoring. On the other hand, It is important to consider that Spider-Man's rescue during the bridge collapse could affect residents in the area. So. Analysts note that spider-man's rescue during the bridge collapse could be argued have significant implications going forward. Bottom line, Spider-Man's rescue during the bridge collapse highlights the importance of continued vigilance and community engagement.",ai,article,True
"You'd think by now people would stop being surprised by a gallery opening downtown. You can't make this stuff up, a gallery opening downtown, of all things. My gut says a gallery opening downtown isn't going away anytime soon. You can't make this stuff up, a gallery opening downtown, of all things. Honestly a gallery opening downtown was wilder than anyone expected.",human,interview,False
Three witnesses told me pretty much the same thing about the new city council transit funding bill. Three people I talked to about the new city council transit funding bill couldn't even agree on what happened. I got there late and the new city council transit funding bill was already old news to everyone on the block. still can't believe I'm writing this. My gut says the new city council transit funding bill isn't going away anytime soon. My gut says the new city council transit funding bill isn't going away anytime soon.,human,social_post,False
"Half the block showed up to see the annual Halloween parade in the Village. The annual Halloween parade in the Village? sure, why not, this city never stops. I got there late and the annual Halloween parade in the Village was already old news to everyone on the block. I'm still annoyed about the annual Halloween parade in the Village, if I'm honest. Three people I talked to about the annual Halloween parade in the Village couldn't even agree on what happened. Anyway, that's where things stand.",human,social_post,False
"Okay so here's the thing about the ESU basketball team's playoff run. Three people I talked to about the ESU basketball team's playoff run couldn't even agree on what happened. I got there late and the ESU basketball team's playoff run was already old news to everyone on the block. I still don't buy it, honestly. I'm still annoyed about the ESU basketball team's playoff run, if I'm honest. go figure. The ESU basketball team's playoff run? sure, why not, this city never stops. Nobody warned me the ESU basketball team's playoff run would take this long to sort out. The ESU basketball team's playoff run? sure, why not, this city never stops. go figure. I got there late and the ESU basketball team's playoff run was already old news to everyone on the block. You can't make this stuff up, the ESU basketball team's playoff run, of all things. Three people I talked to about the ESU basketball team's playoff run couldn't even agree on what happened. We'll see what happens next.",human,interview,False
"It's hard to explain how chaotic it got when a gallery opening downtown. Nobody warned me a gallery opening downtown would take this long to sort out. Three people I talked to about a gallery opening downtown couldn't even agree on what happened. Honestly a gallery opening downtown was wilder than anyone expected. no joke. I got there late and a gallery opening downtown was already old news to everyone on the block. go figure. You can't make this stuff up, a gallery opening downtown, of all things. Three people I talked to about a gallery opening downtown couldn't even agree on what happened. which nobody bothered to fact-check. I got there late and a gallery opening downtown was already old news to everyone on the block. for what it's worth. I'm still annoyed about a gallery opening downtown, if I'm honest. for what it's worth.",human,article,False
"It has become increasingly evident that the Daily Bugle's latest circulation numbers, several key factors must be considered. Analysts note that the Daily Bugle's latest circulation numbers tends to suggest have significant implications going forward. As a result, The situation surrounding the Daily Bugle's latest circulation numbers is generally considered reflect broader trends in the community. It should be emphasized that It is important to consider that the Daily Bugle's latest circulation numbers may potentially affect residents in the area. Furthermore, The developments related to the Daily Bugle's latest circulation numbers could possibly warrant further monitoring. In summary, Analysts note that the Daily Bugle's latest circulation numbers is often seen as have significant implications going forward. As a result, It is important to consider that the Daily Bugle's latest circulation numbers is widely regarded as affect residents in the area. It should be emphasized that Experts suggest that the Daily Bugle's latest circulation numbers is generally considered require continued attention from officials. In conclusion, the Daily Bugle's latest circulation numbers highlights the importance of continued vigilance and community engagement.",ai,article,False
"As reports continue to emerge about the ESU basketball team's playoff run, several key factors must be considered. Analysts note that the ESU basketball team's playoff run tends to suggest have significant implications going forward. On the other hand, It is important to consider that the ESU basketball team's playoff run is often seen as affect residents in the area. It should be emphasized that Experts suggest that the ESU basketball team's playoff run might require continued attention from officials. Also. Experts suggest that the esu basketball team's playoff run might require continued attention from officials. Also, The developments related to the ESU basketball team's playoff run could be argued warrant further monitoring. Bottom line, the ESU basketball team's playoff run highlights the importance of continued vigilance and community engagement.",ai,article,True
"Overall, it is worth highlighting that a labor strike at the Brooklyn shipping docks, several key factors must be considered. Experts suggest that a labor strike at the Brooklyn shipping docks appears to indicate require continued attention from officials. It should be emphasized that Experts suggest that a labor strike at the Brooklyn shipping docks appears to indicate require continued attention from officials. Additionally, It is important to consider that a labor strike at the Brooklyn shipping docks is often seen as affect residents in the area. Also. The developments related to a labor strike at the brooklyn shipping docks could warrant further monitoring. Plus, Analysts note that a labor strike at the Brooklyn shipping docks remains to be seen have significant implications going forward. Plus, Analysts note that a labor strike at the Brooklyn shipping docks is basically seen as have significant implications going forward. Bottom line, a labor strike at the Brooklyn shipping docks highlights the importance of continued vigilance and community engagement.",ai,interview,True
"My editor didn't want this angle, but a gallery opening downtown. Honestly a gallery opening downtown was wilder than anyone expected. — which, sure, tracks —. Three people I talked to about a gallery opening downtown couldn't even agree on what happened. I'm still annoyed about a gallery opening downtown, if I'm honest. Honestly a gallery opening downtown was wilder than anyone expected. (don't ask how long that took). Nobody warned me a gallery opening downtown would take this long to sort out. My gut says a gallery opening downtown isn't going away anytime soon. Honestly a gallery opening downtown was wilder than anyone expected. and yeah, it was as messy as it sounds. My gut says a gallery opening downtown isn't going away anytime soon.",human,article,False
"It is important to note that the annual Halloween parade in the Village, several key factors must be considered. Experts suggest that the annual Halloween parade in the Village is often seen as require continued attention from officials. It should be emphasized that The developments related to the annual Halloween parade in the Village is widely regarded as warrant further monitoring. It is also worth noting that The developments related to the annual Halloween parade in the Village is generally considered warrant further monitoring. Additionally, The developments related to the annual Halloween parade in the Village appears to indicate warrant further monitoring. On the other hand, Analysts note that the annual Halloween parade in the Village is generally considered have significant implications going forward. In conclusion, the annual Halloween parade in the Village highlights the importance of continued vigilance and community engagement.",ai,interview,False
"Three witnesses told me pretty much the same thing about the new city council transit funding bill. My gut says the new city council transit funding bill isn't going away anytime soon. no joke. The new city council transit funding bill? sure, why not, this city never stops. Three people I talked to about the new city council transit funding bill couldn't even agree on what happened. Nobody warned me the new city council transit funding bill would take this long to sort out. Three people I talked to about the new city council transit funding bill couldn't even agree on what happened. I'm still annoyed about the new city council transit funding bill, if I'm honest. I got there late and the new city council transit funding bill was already old news to everyone on the block. We'll see what happens next.",human,interview,False
"I've covered a lot of stories, and honestly the annual Halloween parade in the Village. Three people I talked to about the annual Halloween parade in the Village couldn't even agree on what happened. no joke. Honestly the annual Halloween parade in the Village was wilder than anyone expected. which nobody bothered to fact-check. You can't make this stuff up, the annual Halloween parade in the Village, of all things. no joke. You can't make this stuff up, the annual Halloween parade in the Village, of all things. Three people I talked to about the annual Halloween parade in the Village couldn't even agree on what happened. Honestly the annual Halloween parade in the Village was wilder than anyone expected. for what it's worth. You can't make this stuff up, the annual Halloween parade in the Village, of all things. You can't make this stuff up, the annual Halloween parade in the Village, of all things.",human,interview,False
"Notably, the situation involving Spider-Man's rescue during the bridge collapse, several key factors must be considered. Analysts note that Spider-Man's rescue during the bridge collapse could be argued have significant implications going forward. In summary, The developments related to Spider-Man's rescue during the bridge collapse appears to indicate warrant further monitoring. In summary, It is important to consider that Spider-Man's rescue during the bridge collapse may potentially affect residents in the area. It is also worth noting that The situation surrounding Spider-Man's rescue during the bridge collapse could possibly reflect broader trends in the community. It is also worth noting that It is important to consider that Spider-Man's rescue during the bridge collapse could be argued affect residents in the area. Consequently, It is important to consider that Spider-Man's rescue during the bridge collapse appears to indicate affect residents in the area. In conclusion, Spider-Man's rescue during the bridge collapse highlights the importance of continued vigilance and community engagement.",ai,social_post,False
"As reports continue to emerge about a school fundraiser at Midtown High, several key factors must be considered. It is important to consider that a school fundraiser at Midtown High remains to be seen affect residents in the area. Furthermore, Analysts note that a school fundraiser at Midtown High tends to suggest have significant implications going forward. In summary, Experts suggest that a school fundraiser at Midtown High is generally considered require continued attention from officials. Moreover, The situation surrounding a school fundraiser at Midtown High appears to indicate reflect broader trends in the community. Furthermore, The developments related to a school fundraiser at Midtown High is generally considered warrant further monitoring. Consequently, Analysts note that a school fundraiser at Midtown High is often seen as have significant implications going forward. In summary, Analysts note that a school fundraiser at Midtown High is generally considered have significant implications going forward. In conclusion, a school fundraiser at Midtown High highlights the importance of continued vigilance and community engagement.",ai,interview,False
"You'd think by now people would stop being surprised by the Daily Bugle's latest circulation numbers. Nobody warned me the Daily Bugle's latest circulation numbers would take this long to sort out. no joke. You can't make this stuff up, the Daily Bugle's latest circulation numbers, of all things. Nobody warned me the Daily Bugle's latest circulation numbers would take this long to sort out. Anyway, that's where things stand.",human,interview,False
"Worth noting, the ongoing heatwave affecting Queens, several key factors must be considered. Analysts note that the ongoing heatwave affecting Queens appears to indicate have significant implications going forward. Additionally, Analysts note that the ongoing heatwave affecting Queens remains to be seen have significant implications going forward. So, Analysts note that the ongoing heatwave affecting Queens appears to indicate have significant implications going forward. On the other hand. The situation surrounding the ongoing heatwave affecting queens is often seen as reflect broader trends in the community. Also, Analysts note that the ongoing heatwave affecting Queens is kind of seen as have significant implications going forward. It is also worth noting that Experts suggest that the ongoing heatwave affecting Queens is basically seen as require continued attention from officials. Bottom line, the ongoing heatwave affecting Queens highlights the importance of continued vigilance and community engagement.",ai,interview,True
"As reports continue to emerge about a school fundraiser at Midtown High, several key factors must be considered. Analysts note that a school fundraiser at Midtown High could possibly have significant implications going forward. It is also worth noting that The developments related to a school fundraiser at Midtown High tends to suggest warrant further monitoring. On the other hand, The situation surrounding a school fundraiser at Midtown High appears to indicate reflect broader trends in the community. It should be emphasized that The situation surrounding a school fundraiser at Midtown High is often seen as reflect broader trends in the community. Moreover, It is important to consider that a school fundraiser at Midtown High is often seen as affect residents in the area. Consequently, Experts suggest that a school fundraiser at Midtown High is generally considered require continued attention from officials. In conclusion, a school fundraiser at Midtown High highlights the importance of continued vigilance and community engagement.",ai,social_post,False
"It has become increasingly evident that a gallery opening downtown, several key factors must be considered. Analysts note that a gallery opening downtown could be argued have significant implications going forward. It is also worth noting that The developments related to a gallery opening downtown could be argued warrant further monitoring. On the other hand, The situation surrounding a gallery opening downtown remains to be seen reflect broader trends in the community. Plus, Experts suggest that a gallery opening downtown remains to be seen require continued attention from officials. Additionally, The situation surrounding a gallery opening downtown is kind of seen as reflect broader trends in the community. Bottom line, a gallery opening downtown highlights the importance of continued vigilance and community engagement.",ai,social_post,True
"It's hard to explain how chaotic it got when the mayor's press conference on crime rates. Three people I talked to about the mayor's press conference on crime rates couldn't even agree on what happened. I got there late and the mayor's press conference on crime rates was already old news to everyone on the block. The mayor's press conference on crime rates? sure, why not, this city never stops. still can't believe I'm writing this. You can't make this stuff up, the mayor's press conference on crime rates, of all things. I still don't buy it, honestly. I'm still annoyed about the mayor's press conference on crime rates, if I'm honest. My gut says the mayor's press conference on crime rates isn't going away anytime soon. You can't make this stuff up, the mayor's press conference on crime rates, of all things. I still don't buy it, honestly. My gut says the mayor's press conference on crime rates isn't going away anytime soon. Anyway, that's where things stand.",human,social_post,False
"Furthermore, sources indicate that the annual Halloween parade in the Village, several key factors must be considered. The developments related to the annual Halloween parade in the Village may potentially warrant further monitoring. Consequently, The situation surrounding the annual Halloween parade in the Village could be argued reflect broader trends in the community. Moreover, The situation surrounding the annual Halloween parade in the Village tends to suggest reflect broader trends in the community. It should be emphasized that It is important to consider that the annual Halloween parade in the Village could possibly affect residents in the area. In summary, The situation surrounding the annual Halloween parade in the Village may potentially reflect broader trends in the community. In conclusion, the annual Halloween parade in the Village highlights the importance of continued vigilance and community engagement.",ai,interview,False
"Also, sources indicate that the Daily Bugle's latest circulation numbers, several key factors must be considered. It is important to consider that the Daily Bugle's latest circulation numbers appears to indicate affect residents in the area. Additionally, Analysts note that the Daily Bugle's latest circulation numbers tends to suggest have significant implications going forward. It should be emphasized that Experts suggest that the Daily Bugle's latest circulation numbers is kind of seen as require continued attention from officials. Additionally, It is important to consider that the Daily Bugle's latest circulation numbers might affect residents in the area. Additionally, The developments related to the Daily Bugle's latest circulation numbers appears to indicate warrant further monitoring. So. The developments related to the daily bugle's latest circulation numbers might warrant further monitoring. Bottom line, the Daily Bugle's latest circulation numbers highlights the importance of continued vigilance and community engagement.",ai,interview,True
"In today's rapidly evolving landscape, a community garden opening in Harlem, several key factors must be considered. The situation surrounding a community garden opening in Harlem could reflect broader trends in the community. On the other hand, The developments related to a community garden opening in Harlem might warrant further monitoring. Also, The developments related to a community garden opening in Harlem appears to indicate warrant further monitoring. It should be emphasized that The developments related to a community garden opening in Harlem appears to indicate warrant further monitoring. Also, The situation surrounding a community garden opening in Harlem might reflect broader trends in the community. So basically, Analysts note that a community garden opening in Harlem appears to indicate have significant implications going forward. Bottom line, a community garden opening in Harlem highlights the importance of continued vigilance and community engagement.",ai,article,True
"Overall, it is worth highlighting that a labor strike at the Brooklyn shipping docks, several key factors must be considered. Experts suggest that a labor strike at the Brooklyn shipping docks is widely regarded as require continued attention from officials. As a result, It is important to consider that a labor strike at the Brooklyn shipping docks is generally considered affect residents in the area. On the other hand, The situation surrounding a labor strike at the Brooklyn shipping docks may potentially reflect broader trends in the community. In addition, The developments related to a labor strike at the Brooklyn shipping docks may potentially warrant further monitoring. In addition, The situation surrounding a labor strike at the Brooklyn shipping docks could be argued reflect broader trends in the community. In conclusion, a labor strike at the Brooklyn shipping docks highlights the importance of continued vigilance and community engagement.",ai,interview,False
"Also, sources indicate that the annual Halloween parade in the Village, several key factors must be considered. It is important to consider that the annual Halloween parade in the Village remains to be seen affect residents in the area. Also. It is important to consider that the annual halloween parade in the village tends to suggest affect residents in the area. Plus, The developments related to the annual Halloween parade in the Village could be argued warrant further monitoring. Additionally, Analysts note that the annual Halloween parade in the Village might have significant implications going forward. So, Analysts note that the annual Halloween parade in the Village appears to indicate have significant implications going forward. Bottom line, the annual Halloween parade in the Village highlights the importance of continued vigilance and community engagement.",ai,interview,True
"Notably, the situation involving a gallery opening downtown, several key factors must be considered. Analysts note that a gallery opening downtown is basically seen as have significant implications going forward. It is also worth noting that Analysts note that a gallery opening downtown remains to be seen have significant implications going forward. On the other hand, The developments related to a gallery opening downtown could be argued warrant further monitoring. So basically. The situation surrounding a gallery opening downtown appears to indicate reflect broader trends in the community. So, The developments related to a gallery opening downtown is basically seen as warrant further monitoring. Bottom line, a gallery opening downtown highlights the importance of continued vigilance and community engagement.",ai,article,True
"As reports continue to emerge about a labor strike at the Brooklyn shipping docks, several key factors must be considered. Analysts note that a labor strike at the Brooklyn shipping docks is widely regarded as have significant implications going forward. Consequently, Experts suggest that a labor strike at the Brooklyn shipping docks tends to suggest require continued attention from officials. In summary, It is important to consider that a labor strike at the Brooklyn shipping docks may potentially affect residents in the area. It should be emphasized that The developments related to a labor strike at the Brooklyn shipping docks tends to suggest warrant further monitoring. On the other hand, Analysts note that a labor strike at the Brooklyn shipping docks remains to be seen have significant implications going forward. Moreover, Analysts note that a labor strike at the Brooklyn shipping docks may potentially have significant implications going forward. Additionally, The developments related to a labor strike at the Brooklyn shipping docks tends to suggest warrant further monitoring. In conclusion, a labor strike at the Brooklyn shipping docks highlights the importance of continued vigilance and community engagement.",ai,article,False
"Worth noting, the subway delays on the 4 train line, several key factors must be considered. The developments related to the subway delays on the 4 train line is basically seen as warrant further monitoring. So, The situation surrounding the subway delays on the 4 train line could be argued reflect broader trends in the community. So, The situation surrounding the subway delays on the 4 train line could reflect broader trends in the community. On the other hand. The developments related to the subway delays on the 4 train line appears to indicate warrant further monitoring. So basically, It is important to consider that the subway delays on the 4 train line is kind of seen as affect residents in the area. It is also worth noting that The situation surrounding the subway delays on the 4 train line could be argued reflect broader trends in the community. Bottom line, the subway delays on the 4 train line highlights the importance of continued vigilance and community engagement.",ai,article,True
"You'd think by now people would stop being surprised by a community garden opening in Harlem. I'm still annoyed about a community garden opening in Harlem, if I'm honest. Three people I talked to about a community garden opening in Harlem couldn't even agree on what happened. Nobody warned me a community garden opening in Harlem would take this long to sort out. I got there late and a community garden opening in Harlem was already old news to everyone on the block. My gut says a community garden opening in Harlem isn't going away anytime soon. no joke. Nobody warned me a community garden opening in Harlem would take this long to sort out. Three people I talked to about a community garden opening in Harlem couldn't even agree on what happened. I'm still annoyed about a community garden opening in Harlem, if I'm honest.",human,article,False
"Look, I wasn't expecting much when I showed up, but a labor strike at the Brooklyn shipping docks. My gut says a labor strike at the Brooklyn shipping docks isn't going away anytime soon. A labor strike at the Brooklyn shipping docks? sure, why not, this city never stops. I still don't buy it, honestly. A labor strike at the Brooklyn shipping docks? sure, why not, this city never stops. (don't ask how long that took). You can't make this stuff up, a labor strike at the Brooklyn shipping docks, of all things. no joke. Honestly a labor strike at the Brooklyn shipping docks was wilder than anyone expected. I'm still annoyed about a labor strike at the Brooklyn shipping docks, if I'm honest. My gut says a labor strike at the Brooklyn shipping docks isn't going away anytime soon. — which, sure, tracks —.",human,article,False
"According to available information about a gallery opening downtown, several key factors must be considered. The developments related to a gallery opening downtown is often seen as warrant further monitoring. In addition, Analysts note that a gallery opening downtown could be argued have significant implications going forward. Moreover, The developments related to a gallery opening downtown is often seen as warrant further monitoring. In addition, It is important to consider that a gallery opening downtown could be argued affect residents in the area. As a result, The developments related to a gallery opening downtown tends to suggest warrant further monitoring. Moreover, It is important to consider that a gallery opening downtown could possibly affect residents in the area. In conclusion, a gallery opening downtown highlights the importance of continued vigilance and community engagement.",ai,interview,False
"Furthermore, sources indicate that a viral video showing a costumed vigilante, several key factors must be considered. The developments related to a viral video showing a costumed vigilante could possibly warrant further monitoring. On the other hand, Analysts note that a viral video showing a costumed vigilante remains to be seen have significant implications going forward. It should be emphasized that The developments related to a viral video showing a costumed vigilante remains to be seen warrant further monitoring. Additionally, The developments related to a viral video showing a costumed vigilante may potentially warrant further monitoring. It is also worth noting that It is important to consider that a viral video showing a costumed vigilante is widely regarded as affect residents in the area. Consequently, Experts suggest that a viral video showing a costumed vigilante is widely regarded as require continued attention from officials. Furthermore, The developments related to a viral video showing a costumed vigilante may potentially warrant further monitoring. In conclusion, a viral video showing a costumed vigilante highlights the importance of continued vigilance and community engagement.",ai,article,False
"According to available information about a viral video showing a costumed vigilante, several key factors must be considered. Analysts note that a viral video showing a costumed vigilante could be argued have significant implications going forward. Moreover, Analysts note that a viral video showing a costumed vigilante could be argued have significant implications going forward. It should be emphasized that Analysts note that a viral video showing a costumed vigilante remains to be seen have significant implications going forward. In summary, Experts suggest that a viral video showing a costumed vigilante tends to suggest require continued attention from officials. It should be emphasized that Experts suggest that a viral video showing a costumed vigilante is often seen as require continued attention from officials. Moreover, Analysts note that a viral video showing a costumed vigilante could be argued have significant implications going forward. As a result, Analysts note that a viral video showing a costumed vigilante remains to be seen have significant implications going forward. In conclusion, a viral video showing a costumed vigilante highlights the importance of continued vigilance and community engagement.",ai,article,False
"Furthermore, sources indicate that a community garden opening in Harlem, several key factors must be considered. It is important to consider that a community garden opening in Harlem tends to suggest affect residents in the area. It is also worth noting that The situation surrounding a community garden opening in Harlem may potentially reflect broader trends in the community. It should be emphasized that The situation surrounding a community garden opening in Harlem could possibly reflect broader trends in the community. It should be emphasized that Experts suggest that a community garden opening in Harlem is widely regarded as require continued attention from officials. In addition, The situation surrounding a community garden opening in Harlem could possibly reflect broader trends in the community. It should be emphasized that The developments related to a community garden opening in Harlem is generally considered warrant further monitoring. In conclusion, a community garden opening in Harlem highlights the importance of continued vigilance and community engagement.",ai,interview,False
"It's hard to explain how chaotic it got when a gallery opening downtown. My gut says a gallery opening downtown isn't going away anytime soon. Three people I talked to about a gallery opening downtown couldn't even agree on what happened. I got there late and a gallery opening downtown was already old news to everyone on the block. Nobody warned me a gallery opening downtown would take this long to sort out. I still don't buy it, honestly. My gut says a gallery opening downtown isn't going away anytime soon. A gallery opening downtown? sure, why not, this city never stops. I still don't buy it, honestly. I'm still annoyed about a gallery opening downtown, if I'm honest. Honestly a gallery opening downtown was wilder than anyone expected. which nobody bothered to fact-check. We'll see what happens next.",human,interview,False
"Overall, it is worth highlighting that the mayor's press conference on crime rates, several key factors must be considered. Analysts note that the mayor's press conference on crime rates might have significant implications going forward. It is also worth noting that The developments related to the mayor's press conference on crime rates is basically seen as warrant further monitoring. It is also worth noting that Analysts note that the mayor's press conference on crime rates is often seen as have significant implications going forward. Additionally. The developments related to the mayor's press conference on crime rates is often seen as warrant further monitoring. It should be emphasized that It is important to consider that the mayor's press conference on crime rates is kind of seen as affect residents in the area. Additionally, The situation surrounding the mayor's press conference on crime rates could be argued reflect broader trends in the community. Also, It is important to consider that the mayor's press conference on crime rates could affect residents in the area. Bottom line, the mayor's press conference on crime rates highlights the importance of continued vigilance and community engagement.",ai,interview,True
"Overall, it is worth highlighting that the annual Halloween parade in the Village, several key factors must be considered. It is important to consider that the annual Halloween parade in the Village tends to suggest affect residents in the area. In addition, The situation surrounding the annual Halloween parade in the Village may potentially reflect broader trends in the community. Consequently, Analysts note that the annual Halloween parade in the Village is generally considered have significant implications going forward. Additionally, Analysts note that the annual Halloween parade in the Village could be argued have significant implications going forward. In summary, The situation surrounding the annual Halloween parade in the Village appears to indicate reflect broader trends in the community. In addition, It is important to consider that the annual Halloween parade in the Village tends to suggest affect residents in the area. As a result, The situation surrounding the annual Halloween parade in the Village is often seen as reflect broader trends in the community. In conclusion, the annual Halloween parade in the Village highlights the importance of continued vigilance and community engagement.",ai,social_post,False
"According to available information about the new city council transit funding bill, several key factors must be considered. The situation surrounding the new city council transit funding bill could be argued reflect broader trends in the community. In addition, The developments related to the new city council transit funding bill is generally considered warrant further monitoring. Consequently, Analysts note that the new city council transit funding bill could possibly have significant implications going forward. In addition, Analysts note that the new city council transit funding bill appears to indicate have significant implications going forward. As a result, Experts suggest that the new city council transit funding bill is widely regarded as require continued attention from officials. Consequently, Analysts note that the new city council transit funding bill could possibly have significant implications going forward. In conclusion, the new city council transit funding bill highlights the importance of continued vigilance and community engagement.",ai,social_post,False
"Look, I wasn't expecting much when I showed up, but a school fundraiser at Midtown High. Three people I talked to about a school fundraiser at Midtown High couldn't even agree on what happened. You can't make this stuff up, a school fundraiser at Midtown High, of all things. which nobody bothered to fact-check. I got there late and a school fundraiser at Midtown High was already old news to everyone on the block. You can't make this stuff up, a school fundraiser at Midtown High, of all things. go figure. Nobody warned me a school fundraiser at Midtown High would take this long to sort out. Three people I talked to about a school fundraiser at Midtown High couldn't even agree on what happened. no joke. Honestly a school fundraiser at Midtown High was wilder than anyone expected. I got there late and a school fundraiser at Midtown High was already old news to everyone on the block. Honestly a school fundraiser at Midtown High was wilder than anyone expected. (don't ask how long that took).",human,interview,False
"In recent developments regarding a labor strike at the Brooklyn shipping docks, several key factors must be considered. The situation surrounding a labor strike at the Brooklyn shipping docks tends to suggest reflect broader trends in the community. Moreover, The developments related to a labor strike at the Brooklyn shipping docks is generally considered warrant further monitoring. Consequently, It is important to consider that a labor strike at the Brooklyn shipping docks remains to be seen affect residents in the area. In summary, Analysts note that a labor strike at the Brooklyn shipping docks could be argued have significant implications going forward. Consequently, The developments related to a labor strike at the Brooklyn shipping docks is often seen as warrant further monitoring. Additionally, Experts suggest that a labor strike at the Brooklyn shipping docks is generally considered require continued attention from officials. In conclusion, a labor strike at the Brooklyn shipping docks highlights the importance of continued vigilance and community engagement.",ai,social_post,False
"You'd think by now people would stop being surprised by a community garden opening in Harlem. I'm still annoyed about a community garden opening in Harlem, if I'm honest. still can't believe I'm writing this. My gut says a community garden opening in Harlem isn't going away anytime soon. My gut says a community garden opening in Harlem isn't going away anytime soon. and yeah, it was as messy as it sounds. Nobody warned me a community garden opening in Harlem would take this long to sort out. still can't believe I'm writing this. Three people I talked to about a community garden opening in Harlem couldn't even agree on what happened. for what it's worth. Nobody warned me a community garden opening in Harlem would take this long to sort out. I still don't buy it, honestly. A community garden opening in Harlem? sure, why not, this city never stops. (don't ask how long that took).",human,social_post,False
"According to available information about the mayor's press conference on crime rates, several key factors must be considered. Experts suggest that the mayor's press conference on crime rates is often seen as require continued attention from officials. As a result, It is important to consider that the mayor's press conference on crime rates tends to suggest affect residents in the area. Moreover, Experts suggest that the mayor's press conference on crime rates may potentially require continued attention from officials. Moreover, It is important to consider that the mayor's press conference on crime rates is generally considered affect residents in the area. As a result, It is important to consider that the mayor's press conference on crime rates may potentially affect residents in the area. Consequently, The developments related to the mayor's press conference on crime rates could possibly warrant further monitoring. In conclusion, the mayor's press conference on crime rates highlights the importance of continued vigilance and community engagement.",ai,social_post,False
"In recent developments regarding a gallery opening downtown, several key factors must be considered. It is important to consider that a gallery opening downtown is kind of seen as affect residents in the area. It should be emphasized that Experts suggest that a gallery opening downtown is often seen as require continued attention from officials. So. Experts suggest that a gallery opening downtown tends to suggest require continued attention from officials. On the other hand, Analysts note that a gallery opening downtown is kind of seen as have significant implications going forward. So basically, Experts suggest that a gallery opening downtown tends to suggest require continued attention from officials. Bottom line, a gallery opening downtown highlights the importance of continued vigilance and community engagement.",ai,social_post,True
"It has become increasingly evident that the new city council transit funding bill, several key factors must be considered. It is important to consider that the new city council transit funding bill is kind of seen as affect residents in the area. So basically, The developments related to the new city council transit funding bill could be argued warrant further monitoring. Also, It is important to consider that the new city council transit funding bill is kind of seen as affect residents in the area. So, The situation surrounding the new city council transit funding bill is kind of seen as reflect broader trends in the community. It is also worth noting that The developments related to the new city council transit funding bill remains to be seen warrant further monitoring. Bottom line, the new city council transit funding bill highlights the importance of continued vigilance and community engagement.",ai,article,True
"In recent developments regarding a school fundraiser at Midtown High, several key factors must be considered. The developments related to a school fundraiser at Midtown High could be argued warrant further monitoring. So, The developments related to a school fundraiser at Midtown High is often seen as warrant further monitoring. So, The developments related to a school fundraiser at Midtown High is often seen as warrant further monitoring. Also. It is important to consider that a school fundraiser at midtown high could be argued affect residents in the area. Additionally, Experts suggest that a school fundraiser at Midtown High is basically seen as require continued attention from officials. Bottom line, a school fundraiser at Midtown High highlights the importance of continued vigilance and community engagement.",ai,article,True
"In today's rapidly evolving landscape, a labor strike at the Brooklyn shipping docks, several key factors must be considered. Experts suggest that a labor strike at the Brooklyn shipping docks is often seen as require continued attention from officials. Moreover, It is important to consider that a labor strike at the Brooklyn shipping docks is widely regarded as affect residents in the area. In summary, It is important to consider that a labor strike at the Brooklyn shipping docks is often seen as affect residents in the area. Additionally, Analysts note that a labor strike at the Brooklyn shipping docks remains to be seen have significant implications going forward. Consequently, Experts suggest that a labor strike at the Brooklyn shipping docks tends to suggest require continued attention from officials. In conclusion, a labor strike at the Brooklyn shipping docks highlights the importance of continued vigilance and community engagement.",ai,article,False
"My editor didn't want this angle, but the new city council transit funding bill. My gut says the new city council transit funding bill isn't going away anytime soon. I got there late and the new city council transit funding bill was already old news to everyone on the block. You can't make this stuff up, the new city council transit funding bill, of all things. — which, sure, tracks —. Three people I talked to about the new city council transit funding bill couldn't even agree on what happened. for what it's worth. The new city council transit funding bill? sure, why not, this city never stops. I'm still annoyed about the new city council transit funding bill, if I'm honest. Honestly the new city council transit funding bill was wilder than anyone expected. Nobody warned me the new city council transit funding bill would take this long to sort out. no joke. Anyway, that's where things stand.",human,social_post,False
"In today's rapidly evolving landscape, the ESU basketball team's playoff run, several key factors must be considered. Analysts note that the ESU basketball team's playoff run is kind of seen as have significant implications going forward. Also, Experts suggest that the ESU basketball team's playoff run is often seen as require continued attention from officials. Additionally, It is important to consider that the ESU basketball team's playoff run might affect residents in the area. It is also worth noting that The developments related to the ESU basketball team's playoff run is often seen as warrant further monitoring. Also, It is important to consider that the ESU basketball team's playoff run remains to be seen affect residents in the area. Bottom line, the ESU basketball team's playoff run highlights the importance of continued vigilance and community engagement.",ai,interview,True
"Overall, it is worth highlighting that the subway delays on the 4 train line, several key factors must be considered. Analysts note that the subway delays on the 4 train line is often seen as have significant implications going forward. It should be emphasized that It is important to consider that the subway delays on the 4 train line could possibly affect residents in the area. As a result, It is important to consider that the subway delays on the 4 train line may potentially affect residents in the area. Consequently, The developments related to the subway delays on the 4 train line could possibly warrant further monitoring. It is also worth noting that The developments related to the subway delays on the 4 train line appears to indicate warrant further monitoring. In conclusion, the subway delays on the 4 train line highlights the importance of continued vigilance and community engagement.",ai,social_post,False
"According to available information about the new city council transit funding bill, several key factors must be considered. It is important to consider that the new city council transit funding bill is often seen as affect residents in the area. So, The developments related to the new city council transit funding bill is basically seen as warrant further monitoring. Plus, It is important to consider that the new city council transit funding bill might affect residents in the area. Also. It is important to consider that the new city council transit funding bill is kind of seen as affect residents in the area. So basically, The developments related to the new city council transit funding bill remains to be seen warrant further monitoring. Also, Experts suggest that the new city council transit funding bill could require continued attention from officials. It is also worth noting that Analysts note that the new city council transit funding bill remains to be seen have significant implications going forward. Bottom line, the new city council transit funding bill highlights the importance of continued vigilance and community engagement.",ai,social_post,True
"In light of recent events surrounding the ESU basketball team's playoff run, several key factors must be considered. Experts suggest that the ESU basketball team's playoff run could be argued require continued attention from officials. So, The developments related to the ESU basketball team's playoff run tends to suggest warrant further monitoring. Also, Experts suggest that the ESU basketball team's playoff run could require continued attention from officials. So, It is important to consider that the ESU basketball team's playoff run is kind of seen as affect residents in the area. It is also worth noting that It is important to consider that the ESU basketball team's playoff run is often seen as affect residents in the area. Plus, The developments related to the ESU basketball team's playoff run is kind of seen as warrant further monitoring. Plus. The situation surrounding the esu basketball team's playoff run could reflect broader trends in the community. Bottom line, the ESU basketball team's playoff run highlights the importance of continued vigilance and community engagement.",ai,interview,True
"You'd think by now people would stop being surprised by the annual Halloween parade in the Village. Honestly the annual Halloween parade in the Village was wilder than anyone expected. I'm still annoyed about the annual Halloween parade in the Village, if I'm honest. for what it's worth. You can't make this stuff up, the annual Halloween parade in the Village, of all things. You can't make this stuff up, the annual Halloween parade in the Village, of all things. I still don't buy it, honestly. My gut says the annual Halloween parade in the Village isn't going away anytime soon. Make of that what you will.",human,interview,False
"It has become increasingly evident that a school fundraiser at Midtown High, several key factors must be considered. The situation surrounding a school fundraiser at Midtown High may potentially reflect broader trends in the community. Consequently, The developments related to a school fundraiser at Midtown High appears to indicate warrant further monitoring. It should be emphasized that It is important to consider that a school fundraiser at Midtown High may potentially affect residents in the area. As a result, Experts suggest that a school fundraiser at Midtown High is generally considered require continued attention from officials. In addition, Analysts note that a school fundraiser at Midtown High could be argued have significant implications going forward. Furthermore, Analysts note that a school fundraiser at Midtown High appears to indicate have significant implications going forward. On the other hand, The developments related to a school fundraiser at Midtown High could possibly warrant further monitoring. In conclusion, a school fundraiser at Midtown High highlights the importance of continued vigilance and community engagement.",ai,interview,False
"In today's rapidly evolving landscape, a labor strike at the Brooklyn shipping docks, several key factors must be considered. The developments related to a labor strike at the Brooklyn shipping docks could possibly warrant further monitoring. It should be emphasized that The situation surrounding a labor strike at the Brooklyn shipping docks is generally considered reflect broader trends in the community. In summary, The developments related to a labor strike at the Brooklyn shipping docks could possibly warrant further monitoring. Additionally, The developments related to a labor strike at the Brooklyn shipping docks remains to be seen warrant further monitoring. It is also worth noting that Analysts note that a labor strike at the Brooklyn shipping docks is widely regarded as have significant implications going forward. It should be emphasized that It is important to consider that a labor strike at the Brooklyn shipping docks tends to suggest affect residents in the area. Consequently, It is important to consider that a labor strike at the Brooklyn shipping docks is generally considered affect residents in the area. In conclusion, a labor strike at the Brooklyn shipping docks highlights the importance of continued vigilance and community engagement.",ai,social_post,False
"You'd think by now people would stop being surprised by the ESU basketball team's playoff run. The ESU basketball team's playoff run? sure, why not, this city never stops. for what it's worth. Three people I talked to about the ESU basketball team's playoff run couldn't even agree on what happened. which nobody bothered to fact-check. You can't make this stuff up, the ESU basketball team's playoff run, of all things. I'm still annoyed about the ESU basketball team's playoff run, if I'm honest.",human,interview,False
"It is important to note that the Daily Bugle's latest circulation numbers, several key factors must be considered. The situation surrounding the Daily Bugle's latest circulation numbers remains to be seen reflect broader trends in the community. It should be emphasized that It is important to consider that the Daily Bugle's latest circulation numbers remains to be seen affect residents in the area. On the other hand, The developments related to the Daily Bugle's latest circulation numbers could possibly warrant further monitoring. Furthermore, The developments related to the Daily Bugle's latest circulation numbers tends to suggest warrant further monitoring. In addition, Experts suggest that the Daily Bugle's latest circulation numbers could possibly require continued attention from officials. In conclusion, the Daily Bugle's latest circulation numbers highlights the importance of continued vigilance and community engagement.",ai,social_post,False
"I've covered a lot of stories, and honestly a community garden opening in Harlem. A community garden opening in Harlem? sure, why not, this city never stops. Honestly a community garden opening in Harlem was wilder than anyone expected. My gut says a community garden opening in Harlem isn't going away anytime soon. I got there late and a community garden opening in Harlem was already old news to everyone on the block. I got there late and a community garden opening in Harlem was already old news to everyone on the block.",human,interview,False
"It is important to note that rising rent prices in Manhattan, several key factors must be considered. The developments related to rising rent prices in Manhattan tends to suggest warrant further monitoring. Furthermore, It is important to consider that rising rent prices in Manhattan could possibly affect residents in the area. As a result, The developments related to rising rent prices in Manhattan could be argued warrant further monitoring. On the other hand, Analysts note that rising rent prices in Manhattan is widely regarded as have significant implications going forward. It should be emphasized that The situation surrounding rising rent prices in Manhattan may potentially reflect broader trends in the community. It should be emphasized that The situation surrounding rising rent prices in Manhattan could be argued reflect broader trends in the community. In summary, The developments related to rising rent prices in Manhattan tends to suggest warrant further monitoring. In conclusion, rising rent prices in Manhattan highlights the importance of continued vigilance and community engagement.",ai,interview,False
"Half the block showed up to see a viral video showing a costumed vigilante. Nobody warned me a viral video showing a costumed vigilante would take this long to sort out. I got there late and a viral video showing a costumed vigilante was already old news to everyone on the block. Nobody warned me a viral video showing a costumed vigilante would take this long to sort out. I got there late and a viral video showing a costumed vigilante was already old news to everyone on the block. I'm still annoyed about a viral video showing a costumed vigilante, if I'm honest.",human,interview,False
"As reports continue to emerge about a labor strike at the Brooklyn shipping docks, several key factors must be considered. The situation surrounding a labor strike at the Brooklyn shipping docks is basically seen as reflect broader trends in the community. Additionally, The situation surrounding a labor strike at the Brooklyn shipping docks appears to indicate reflect broader trends in the community. Also, Experts suggest that a labor strike at the Brooklyn shipping docks could be argued require continued attention from officials. So, The developments related to a labor strike at the Brooklyn shipping docks could warrant further monitoring. Additionally, Analysts note that a labor strike at the Brooklyn shipping docks is kind of seen as have significant implications going forward. So, The situation surrounding a labor strike at the Brooklyn shipping docks could reflect broader trends in the community. It is also worth noting that The developments related to a labor strike at the Brooklyn shipping docks is kind of seen as warrant further monitoring. Bottom line, a labor strike at the Brooklyn shipping docks highlights the importance of continued vigilance and community engagement.",ai,social_post,True
"In light of recent events surrounding the annual Halloween parade in the Village, several key factors must be considered. It is important to consider that the annual Halloween parade in the Village is basically seen as affect residents in the area. It should be emphasized that Experts suggest that the annual Halloween parade in the Village could be argued require continued attention from officials. Also, Analysts note that the annual Halloween parade in the Village is often seen as have significant implications going forward. So, The developments related to the annual Halloween parade in the Village is often seen as warrant further monitoring. Plus, The situation surrounding the annual Halloween parade in the Village is basically seen as reflect broader trends in the community. Additionally, Experts suggest that the annual Halloween parade in the Village could require continued attention from officials. Also, The developments related to the annual Halloween parade in the Village could be argued warrant further monitoring. Bottom line, the annual Halloween parade in the Village highlights the importance of continued vigilance and community engagement.",ai,social_post,True
"My editor didn't want this angle, but the subway delays on the 4 train line. I got there late and the subway delays on the 4 train line was already old news to everyone on the block. I got there late and the subway delays on the 4 train line was already old news to everyone on the block. Honestly the subway delays on the 4 train line was wilder than anyone expected. The subway delays on the 4 train line? sure, why not, this city never stops. Three people I talked to about the subway delays on the 4 train line couldn't even agree on what happened. Three people I talked to about the subway delays on the 4 train line couldn't even agree on what happened. no joke. You can't make this stuff up, the subway delays on the 4 train line, of all things.",human,article,False
"It's hard to explain how chaotic it got when Spider-Man's rescue during the bridge collapse. You can't make this stuff up, Spider-Man's rescue during the bridge collapse, of all things. I still don't buy it, honestly. Honestly Spider-Man's rescue during the bridge collapse was wilder than anyone expected. You can't make this stuff up, Spider-Man's rescue during the bridge collapse, of all things. I got there late and Spider-Man's rescue during the bridge collapse was already old news to everyone on the block. I'm still annoyed about Spider-Man's rescue during the bridge collapse, if I'm honest. I got there late and Spider-Man's rescue during the bridge collapse was already old news to everyone on the block. Make of that what you will.",human,social_post,False
"Overall, it is worth highlighting that the ESU basketball team's playoff run, several key factors must be considered. The situation surrounding the ESU basketball team's playoff run is often seen as reflect broader trends in the community. On the other hand. It is important to consider that the esu basketball team's playoff run tends to suggest affect residents in the area. So, The developments related to the ESU basketball team's playoff run is kind of seen as warrant further monitoring. So basically, It is important to consider that the ESU basketball team's playoff run could affect residents in the area. So, Experts suggest that the ESU basketball team's playoff run is kind of seen as require continued attention from officials. Bottom line, the ESU basketball team's playoff run highlights the importance of continued vigilance and community engagement.",ai,article,True
"Also, sources indicate that the mayor's press conference on crime rates, several key factors must be considered. Experts suggest that the mayor's press conference on crime rates could be argued require continued attention from officials. Plus, The situation surrounding the mayor's press conference on crime rates is basically seen as reflect broader trends in the community. It should be emphasized that It is important to consider that the mayor's press conference on crime rates could affect residents in the area. It is also worth noting that Analysts note that the mayor's press conference on crime rates is often seen as have significant implications going forward. It should be emphasized that The situation surrounding the mayor's press conference on crime rates could reflect broader trends in the community. Also, The developments related to the mayor's press conference on crime rates appears to indicate warrant further monitoring. Additionally, Analysts note that the mayor's press conference on crime rates is basically seen as have significant implications going forward. Bottom line, the mayor's press conference on crime rates highlights the importance of continued vigilance and community engagement.",ai,article,True
"Nobody saw this coming, least of all rising rent prices in Manhattan. Rising rent prices in Manhattan? sure, why not, this city never stops. and yeah, it was as messy as it sounds. My gut says rising rent prices in Manhattan isn't going away anytime soon. My gut says rising rent prices in Manhattan isn't going away anytime soon. Nobody warned me rising rent prices in Manhattan would take this long to sort out. You can't make this stuff up, rising rent prices in Manhattan, of all things. which is saying something. Three people I talked to about rising rent prices in Manhattan couldn't even agree on what happened. You can't make this stuff up, rising rent prices in Manhattan, of all things. — which, sure, tracks —.",human,social_post,False
"You'd think by now people would stop being surprised by the Daily Bugle's latest circulation numbers. You can't make this stuff up, the Daily Bugle's latest circulation numbers, of all things. The Daily Bugle's latest circulation numbers? sure, why not, this city never stops. The Daily Bugle's latest circulation numbers? sure, why not, this city never stops. The Daily Bugle's latest circulation numbers? sure, why not, this city never stops. go figure. You can't make this stuff up, the Daily Bugle's latest circulation numbers, of all things. I still don't buy it, honestly. Three people I talked to about the Daily Bugle's latest circulation numbers couldn't even agree on what happened. We'll see what happens next.",human,article,False
"Notably, the situation involving the ESU basketball team's playoff run, several key factors must be considered. Analysts note that the ESU basketball team's playoff run could be argued have significant implications going forward. Additionally, It is important to consider that the ESU basketball team's playoff run could affect residents in the area. So, The situation surrounding the ESU basketball team's playoff run appears to indicate reflect broader trends in the community. Also, Analysts note that the ESU basketball team's playoff run could have significant implications going forward. Also. Experts suggest that the esu basketball team's playoff run is kind of seen as require continued attention from officials. Plus, It is important to consider that the ESU basketball team's playoff run could affect residents in the area. Bottom line, the ESU basketball team's playoff run highlights the importance of continued vigilance and community engagement.",ai,social_post,True
"Notably, the situation involving a labor strike at the Brooklyn shipping docks, several key factors must be considered. The developments related to a labor strike at the Brooklyn shipping docks appears to indicate warrant further monitoring. Also. It is important to consider that a labor strike at the brooklyn shipping docks is basically seen as affect residents in the area. Also, Analysts note that a labor strike at the Brooklyn shipping docks remains to be seen have significant implications going forward. Also, Analysts note that a labor strike at the Brooklyn shipping docks is basically seen as have significant implications going forward. It should be emphasized that The situation surrounding a labor strike at the Brooklyn shipping docks remains to be seen reflect broader trends in the community. So, It is important to consider that a labor strike at the Brooklyn shipping docks remains to be seen affect residents in the area. Bottom line, a labor strike at the Brooklyn shipping docks highlights the importance of continued vigilance and community engagement.",ai,article,True
"Nobody saw this coming, least of all the Daily Bugle's latest circulation numbers. My gut says the Daily Bugle's latest circulation numbers isn't going away anytime soon. The Daily Bugle's latest circulation numbers? sure, why not, this city never stops. go figure. I'm still annoyed about the Daily Bugle's latest circulation numbers, if I'm honest. The Daily Bugle's latest circulation numbers? sure, why not, this city never stops. which is saying something. I'm still annoyed about the Daily Bugle's latest circulation numbers, if I'm honest. which is saying something. Honestly the Daily Bugle's latest circulation numbers was wilder than anyone expected.",human,article,False
"Nobody saw this coming, least of all the ongoing heatwave affecting Queens. I got there late and the ongoing heatwave affecting Queens was already old news to everyone on the block. I'm still annoyed about the ongoing heatwave affecting Queens, if I'm honest. Honestly the ongoing heatwave affecting Queens was wilder than anyone expected. go figure. My gut says the ongoing heatwave affecting Queens isn't going away anytime soon. which nobody bothered to fact-check. We'll see what happens next.",human,social_post,False
"According to available information about a viral video showing a costumed vigilante, several key factors must be considered. The developments related to a viral video showing a costumed vigilante remains to be seen warrant further monitoring. In summary, Experts suggest that a viral video showing a costumed vigilante could possibly require continued attention from officials. It should be emphasized that Analysts note that a viral video showing a costumed vigilante may potentially have significant implications going forward. On the other hand, Experts suggest that a viral video showing a costumed vigilante tends to suggest require continued attention from officials. On the other hand, The situation surrounding a viral video showing a costumed vigilante is widely regarded as reflect broader trends in the community. Furthermore, The situation surrounding a viral video showing a costumed vigilante is generally considered reflect broader trends in the community. As a result, Analysts note that a viral video showing a costumed vigilante may potentially have significant implications going forward. In conclusion, a viral video showing a costumed vigilante highlights the importance of continued vigilance and community engagement.",ai,article,False
"Nobody saw this coming, least of all the ESU basketball team's playoff run. The ESU basketball team's playoff run? sure, why not, this city never stops. Three people I talked to about the ESU basketball team's playoff run couldn't even agree on what happened. I still don't buy it, honestly. You can't make this stuff up, the ESU basketball team's playoff run, of all things. My gut says the ESU basketball team's playoff run isn't going away anytime soon. Nobody warned me the ESU basketball team's playoff run would take this long to sort out. which nobody bothered to fact-check. I got there late and the ESU basketball team's playoff run was already old news to everyone on the block. I still don't buy it, honestly. You can't make this stuff up, the ESU basketball team's playoff run, of all things. Three people I talked to about the ESU basketball team's playoff run couldn't even agree on what happened. I got there late and the ESU basketball team's playoff run was already old news to everyone on the block. Make of that what you will.",human,article,False
"I'll be straight with you about rising rent prices in Manhattan. I'm still annoyed about rising rent prices in Manhattan, if I'm honest. My gut says rising rent prices in Manhattan isn't going away anytime soon. I'm still annoyed about rising rent prices in Manhattan, if I'm honest.",human,social_post,False
"I've covered a lot of stories, and honestly a school fundraiser at Midtown High. I got there late and a school fundraiser at Midtown High was already old news to everyone on the block. which nobody bothered to fact-check. A school fundraiser at Midtown High? sure, why not, this city never stops. Honestly a school fundraiser at Midtown High was wilder than anyone expected. A school fundraiser at Midtown High? sure, why not, this city never stops. I got there late and a school fundraiser at Midtown High was already old news to everyone on the block. My gut says a school fundraiser at Midtown High isn't going away anytime soon. I'm still annoyed about a school fundraiser at Midtown High, if I'm honest. I got there late and a school fundraiser at Midtown High was already old news to everyone on the block. Three people I talked to about a school fundraiser at Midtown High couldn't even agree on what happened. still can't believe I'm writing this. Make of that what you will.",human,social_post,False
"Nobody saw this coming, least of all the ESU basketball team's playoff run. Honestly the ESU basketball team's playoff run was wilder than anyone expected. Nobody warned me the ESU basketball team's playoff run would take this long to sort out. I still don't buy it, honestly. Three people I talked to about the ESU basketball team's playoff run couldn't even agree on what happened.",human,article,False
"It has become increasingly evident that a gallery opening downtown, several key factors must be considered. The developments related to a gallery opening downtown might warrant further monitoring. Also, Experts suggest that a gallery opening downtown might require continued attention from officials. Also, It is important to consider that a gallery opening downtown could affect residents in the area. So. Analysts note that a gallery opening downtown is often seen as have significant implications going forward. So, The developments related to a gallery opening downtown might warrant further monitoring. Plus, Experts suggest that a gallery opening downtown is kind of seen as require continued attention from officials. Plus, It is important to consider that a gallery opening downtown could be argued affect residents in the area. Bottom line, a gallery opening downtown highlights the importance of continued vigilance and community engagement.",ai,social_post,True
"In recent developments regarding the new city council transit funding bill, several key factors must be considered. The developments related to the new city council transit funding bill might warrant further monitoring. So, Analysts note that the new city council transit funding bill could have significant implications going forward. Plus, The situation surrounding the new city council transit funding bill remains to be seen reflect broader trends in the community. Additionally, The situation surrounding the new city council transit funding bill is often seen as reflect broader trends in the community. Also, Experts suggest that the new city council transit funding bill might require continued attention from officials. Bottom line, the new city council transit funding bill highlights the importance of continued vigilance and community engagement.",ai,social_post,True
"It's hard to explain how chaotic it got when a community garden opening in Harlem. Three people I talked to about a community garden opening in Harlem couldn't even agree on what happened. Nobody warned me a community garden opening in Harlem would take this long to sort out. for what it's worth. My gut says a community garden opening in Harlem isn't going away anytime soon. A community garden opening in Harlem? sure, why not, this city never stops. A community garden opening in Harlem? sure, why not, this city never stops. I got there late and a community garden opening in Harlem was already old news to everyone on the block. I'm still annoyed about a community garden opening in Harlem, if I'm honest. Honestly a community garden opening in Harlem was wilder than anyone expected. go figure. We'll see what happens next.",human,interview,False
"My editor didn't want this angle, but the ongoing heatwave affecting Queens. I got there late and the ongoing heatwave affecting Queens was already old news to everyone on the block. still can't believe I'm writing this. I got there late and the ongoing heatwave affecting Queens was already old news to everyone on the block. Honestly the ongoing heatwave affecting Queens was wilder than anyone expected. My gut says the ongoing heatwave affecting Queens isn't going away anytime soon. You can't make this stuff up, the ongoing heatwave affecting Queens, of all things. I'm still annoyed about the ongoing heatwave affecting Queens, if I'm honest. I still don't buy it, honestly. You can't make this stuff up, the ongoing heatwave affecting Queens, of all things.",human,social_post,False
"Okay so here's the thing about a gallery opening downtown. Honestly a gallery opening downtown was wilder than anyone expected. Three people I talked to about a gallery opening downtown couldn't even agree on what happened. I got there late and a gallery opening downtown was already old news to everyone on the block. My gut says a gallery opening downtown isn't going away anytime soon. I got there late and a gallery opening downtown was already old news to everyone on the block. for what it's worth. I'm still annoyed about a gallery opening downtown, if I'm honest. for what it's worth. I got there late and a gallery opening downtown was already old news to everyone on the block. for what it's worth. Nobody warned me a gallery opening downtown would take this long to sort out. still can't believe I'm writing this.",human,article,False
"Look, I wasn't expecting much when I showed up, but the subway delays on the 4 train line. You can't make this stuff up, the subway delays on the 4 train line, of all things. for what it's worth. The subway delays on the 4 train line? sure, why not, this city never stops. I'm still annoyed about the subway delays on the 4 train line, if I'm honest. I'm still annoyed about the subway delays on the 4 train line, if I'm honest. I got there late and the subway delays on the 4 train line was already old news to everyone on the block. You can't make this stuff up, the subway delays on the 4 train line, of all things. The subway delays on the 4 train line? sure, why not, this city never stops. I still don't buy it, honestly. You can't make this stuff up, the subway delays on the 4 train line, of all things. I still don't buy it, honestly. I got there late and the subway delays on the 4 train line was already old news to everyone on the block. I still don't buy it, honestly.",human,social_post,False
"Three witnesses told me pretty much the same thing about the subway delays on the 4 train line. I'm still annoyed about the subway delays on the 4 train line, if I'm honest. I'm still annoyed about the subway delays on the 4 train line, if I'm honest. still can't believe I'm writing this. My gut says the subway delays on the 4 train line isn't going away anytime soon. You can't make this stuff up, the subway delays on the 4 train line, of all things.",human,article,False
"It's hard to explain how chaotic it got when a labor strike at the Brooklyn shipping docks. Nobody warned me a labor strike at the Brooklyn shipping docks would take this long to sort out. Three people I talked to about a labor strike at the Brooklyn shipping docks couldn't even agree on what happened. still can't believe I'm writing this. My gut says a labor strike at the Brooklyn shipping docks isn't going away anytime soon. for what it's worth. Honestly a labor strike at the Brooklyn shipping docks was wilder than anyone expected. My gut says a labor strike at the Brooklyn shipping docks isn't going away anytime soon. — which, sure, tracks —. A labor strike at the Brooklyn shipping docks? sure, why not, this city never stops. Three people I talked to about a labor strike at the Brooklyn shipping docks couldn't even agree on what happened. You can't make this stuff up, a labor strike at the Brooklyn shipping docks, of all things. Nobody warned me a labor strike at the Brooklyn shipping docks would take this long to sort out. and yeah, it was as messy as it sounds.",human,social_post,False
"Half the block showed up to see Spider-Man's rescue during the bridge collapse. I'm still annoyed about Spider-Man's rescue during the bridge collapse, if I'm honest. for what it's worth. You can't make this stuff up, Spider-Man's rescue during the bridge collapse, of all things. Honestly Spider-Man's rescue during the bridge collapse was wilder than anyone expected. My gut says Spider-Man's rescue during the bridge collapse isn't going away anytime soon. Nobody warned me Spider-Man's rescue during the bridge collapse would take this long to sort out. no joke. Nobody warned me Spider-Man's rescue during the bridge collapse would take this long to sort out. My gut says Spider-Man's rescue during the bridge collapse isn't going away anytime soon. for what it's worth. My gut says Spider-Man's rescue during the bridge collapse isn't going away anytime soon.",human,social_post,False
"In light of recent events surrounding the annual Halloween parade in the Village, several key factors must be considered. It is important to consider that the annual Halloween parade in the Village is generally considered affect residents in the area. In summary, It is important to consider that the annual Halloween parade in the Village appears to indicate affect residents in the area. Moreover, The situation surrounding the annual Halloween parade in the Village may potentially reflect broader trends in the community. It is also worth noting that Experts suggest that the annual Halloween parade in the Village tends to suggest require continued attention from officials. Consequently, It is important to consider that the annual Halloween parade in the Village tends to suggest affect residents in the area. In conclusion, the annual Halloween parade in the Village highlights the importance of continued vigilance and community engagement.",ai,interview,False
"In light of recent events surrounding Spider-Man's rescue during the bridge collapse, several key factors must be considered. It is important to consider that Spider-Man's rescue during the bridge collapse could be argued affect residents in the area. Also, The situation surrounding Spider-Man's rescue during the bridge collapse might reflect broader trends in the community. So basically. Experts suggest that spider-man's rescue during the bridge collapse tends to suggest require continued attention from officials. Plus, It is important to consider that Spider-Man's rescue during the bridge collapse remains to be seen affect residents in the area. It is also worth noting that Experts suggest that Spider-Man's rescue during the bridge collapse could be argued require continued attention from officials. It is also worth noting that It is important to consider that Spider-Man's rescue during the bridge collapse appears to indicate affect residents in the area. Bottom line, Spider-Man's rescue during the bridge collapse highlights the importance of continued vigilance and community engagement.",ai,interview,True
"You'd think by now people would stop being surprised by the new city council transit funding bill. Three people I talked to about the new city council transit funding bill couldn't even agree on what happened. still can't believe I'm writing this. Nobody warned me the new city council transit funding bill would take this long to sort out. The new city council transit funding bill? sure, why not, this city never stops. and yeah, it was as messy as it sounds. I'm still annoyed about the new city council transit funding bill, if I'm honest. The new city council transit funding bill? sure, why not, this city never stops. Nobody warned me the new city council transit funding bill would take this long to sort out.",human,article,False
"Okay so here's the thing about the Daily Bugle's latest circulation numbers. I got there late and the Daily Bugle's latest circulation numbers was already old news to everyone on the block. — which, sure, tracks —. I'm still annoyed about the Daily Bugle's latest circulation numbers, if I'm honest. You can't make this stuff up, the Daily Bugle's latest circulation numbers, of all things. I'm still annoyed about the Daily Bugle's latest circulation numbers, if I'm honest. (don't ask how long that took). I got there late and the Daily Bugle's latest circulation numbers was already old news to everyone on the block. which is saying something. Honestly the Daily Bugle's latest circulation numbers was wilder than anyone expected. — which, sure, tracks —. You can't make this stuff up, the Daily Bugle's latest circulation numbers, of all things. go figure. Honestly the Daily Bugle's latest circulation numbers was wilder than anyone expected. no joke. Honestly the Daily Bugle's latest circulation numbers was wilder than anyone expected. More on this if it actually goes anywhere.",human,article,False
"Three witnesses told me pretty much the same thing about the annual Halloween parade in the Village. My gut says the annual Halloween parade in the Village isn't going away anytime soon. Nobody warned me the annual Halloween parade in the Village would take this long to sort out. Three people I talked to about the annual Halloween parade in the Village couldn't even agree on what happened. You can't make this stuff up, the annual Halloween parade in the Village, of all things. Honestly the annual Halloween parade in the Village was wilder than anyone expected. (don't ask how long that took). You can't make this stuff up, the annual Halloween parade in the Village, of all things. for what it's worth. I got there late and the annual Halloween parade in the Village was already old news to everyone on the block. for what it's worth. I got there late and the annual Halloween parade in the Village was already old news to everyone on the block. — which, sure, tracks —.",human,article,False
"I'll be straight with you about a break-in at an Oscorp research facility. I'm still annoyed about a break-in at an Oscorp research facility, if I'm honest. You can't make this stuff up, a break-in at an Oscorp research facility, of all things. Honestly a break-in at an Oscorp research facility was wilder than anyone expected. — which, sure, tracks —. Nobody warned me a break-in at an Oscorp research facility would take this long to sort out. Honestly a break-in at an Oscorp research facility was wilder than anyone expected. You can't make this stuff up, a break-in at an Oscorp research facility, of all things. My gut says a break-in at an Oscorp research facility isn't going away anytime soon.",human,article,False
"Furthermore, sources indicate that the ongoing heatwave affecting Queens, several key factors must be considered. Analysts note that the ongoing heatwave affecting Queens tends to suggest have significant implications going forward. It is also worth noting that The situation surrounding the ongoing heatwave affecting Queens is generally considered reflect broader trends in the community. Consequently, The situation surrounding the ongoing heatwave affecting Queens could possibly reflect broader trends in the community. Moreover, The developments related to the ongoing heatwave affecting Queens remains to be seen warrant further monitoring. Moreover, The situation surrounding the ongoing heatwave affecting Queens is widely regarded as reflect broader trends in the community. Moreover, Experts suggest that the ongoing heatwave affecting Queens could be argued require continued attention from officials. Moreover, The situation surrounding the ongoing heatwave affecting Queens remains to be seen reflect broader trends in the community. In conclusion, the ongoing heatwave affecting Queens highlights the importance of continued vigilance and community engagement.",ai,social_post,False
"I've covered a lot of stories, and honestly the Daily Bugle's latest circulation numbers. My gut says the Daily Bugle's latest circulation numbers isn't going away anytime soon. Honestly the Daily Bugle's latest circulation numbers was wilder than anyone expected. still can't believe I'm writing this. The Daily Bugle's latest circulation numbers? sure, why not, this city never stops. I got there late and the Daily Bugle's latest circulation numbers was already old news to everyone on the block. Three people I talked to about the Daily Bugle's latest circulation numbers couldn't even agree on what happened. for what it's worth. I'm still annoyed about the Daily Bugle's latest circulation numbers, if I'm honest. Nobody warned me the Daily Bugle's latest circulation numbers would take this long to sort out. Three people I talked to about the Daily Bugle's latest circulation numbers couldn't even agree on what happened. which nobody bothered to fact-check. Three people I talked to about the Daily Bugle's latest circulation numbers couldn't even agree on what happened.",human,interview,False
"Nobody saw this coming, least of all rising rent prices in Manhattan. Three people I talked to about rising rent prices in Manhattan couldn't even agree on what happened. I'm still annoyed about rising rent prices in Manhattan, if I'm honest. I got there late and rising rent prices in Manhattan was already old news to everyone on the block. Honestly rising rent prices in Manhattan was wilder than anyone expected. Honestly rising rent prices in Manhattan was wilder than anyone expected. Nobody warned me rising rent prices in Manhattan would take this long to sort out. I'm still annoyed about rising rent prices in Manhattan, if I'm honest. I got there late and rising rent prices in Manhattan was already old news to everyone on the block. We'll see what happens next.",human,social_post,False
"In light of recent events surrounding a labor strike at the Brooklyn shipping docks, several key factors must be considered. The developments related to a labor strike at the Brooklyn shipping docks tends to suggest warrant further monitoring. As a result, Experts suggest that a labor strike at the Brooklyn shipping docks remains to be seen require continued attention from officials. Consequently, Experts suggest that a labor strike at the Brooklyn shipping docks remains to be seen require continued attention from officials. Additionally, The developments related to a labor strike at the Brooklyn shipping docks is generally considered warrant further monitoring. In addition, It is important to consider that a labor strike at the Brooklyn shipping docks could possibly affect residents in the area. In summary, Analysts note that a labor strike at the Brooklyn shipping docks remains to be seen have significant implications going forward. In conclusion, a labor strike at the Brooklyn shipping docks highlights the importance of continued vigilance and community engagement.",ai,interview,False
"It's hard to explain how chaotic it got when the mayor's press conference on crime rates. My gut says the mayor's press conference on crime rates isn't going away anytime soon. My gut says the mayor's press conference on crime rates isn't going away anytime soon. which is saying something. You can't make this stuff up, the mayor's press conference on crime rates, of all things. go figure. I'm still annoyed about the mayor's press conference on crime rates, if I'm honest. Honestly the mayor's press conference on crime rates was wilder than anyone expected. You can't make this stuff up, the mayor's press conference on crime rates, of all things. I got there late and the mayor's press conference on crime rates was already old news to everyone on the block. You can't make this stuff up, the mayor's press conference on crime rates, of all things. I still don't buy it, honestly. My gut says the mayor's press conference on crime rates isn't going away anytime soon. More on this if it actually goes anywhere.",human,social_post,False
"I've covered a lot of stories, and honestly the ongoing heatwave affecting Queens. You can't make this stuff up, the ongoing heatwave affecting Queens, of all things. Three people I talked to about the ongoing heatwave affecting Queens couldn't even agree on what happened. which is saying something. Honestly the ongoing heatwave affecting Queens was wilder than anyone expected. (don't ask how long that took). My gut says the ongoing heatwave affecting Queens isn't going away anytime soon. which nobody bothered to fact-check. Nobody warned me the ongoing heatwave affecting Queens would take this long to sort out. Anyway, that's where things stand.",human,article,False
"Nobody saw this coming, least of all the annual Halloween parade in the Village. I'm still annoyed about the annual Halloween parade in the Village, if I'm honest. and yeah, it was as messy as it sounds. Nobody warned me the annual Halloween parade in the Village would take this long to sort out. still can't believe I'm writing this. Nobody warned me the annual Halloween parade in the Village would take this long to sort out. which nobody bothered to fact-check. My gut says the annual Halloween parade in the Village isn't going away anytime soon. go figure. You can't make this stuff up, the annual Halloween parade in the Village, of all things. Honestly the annual Halloween parade in the Village was wilder than anyone expected. and yeah, it was as messy as it sounds. Make of that what you will.",human,interview,False
"I'll be straight with you about the annual Halloween parade in the Village. The annual Halloween parade in the Village? sure, why not, this city never stops. and yeah, it was as messy as it sounds. My gut says the annual Halloween parade in the Village isn't going away anytime soon. I'm still annoyed about the annual Halloween parade in the Village, if I'm honest. I still don't buy it, honestly. Honestly the annual Halloween parade in the Village was wilder than anyone expected. which nobody bothered to fact-check. My gut says the annual Halloween parade in the Village isn't going away anytime soon.",human,interview,False
"In today's rapidly evolving landscape, Spider-Man's rescue during the bridge collapse, several key factors must be considered. Analysts note that Spider-Man's rescue during the bridge collapse might have significant implications going forward. So, The developments related to Spider-Man's rescue during the bridge collapse is often seen as warrant further monitoring. Also, Analysts note that Spider-Man's rescue during the bridge collapse could have significant implications going forward. On the other hand. The developments related to spider-man's rescue during the bridge collapse is often seen as warrant further monitoring. Also, Analysts note that Spider-Man's rescue during the bridge collapse is often seen as have significant implications going forward. Also, It is important to consider that Spider-Man's rescue during the bridge collapse is basically seen as affect residents in the area. Bottom line, Spider-Man's rescue during the bridge collapse highlights the importance of continued vigilance and community engagement.",ai,interview,True
"Half the block showed up to see the annual Halloween parade in the Village. Nobody warned me the annual Halloween parade in the Village would take this long to sort out. You can't make this stuff up, the annual Halloween parade in the Village, of all things. which nobody bothered to fact-check. My gut says the annual Halloween parade in the Village isn't going away anytime soon.",human,article,False
"Three witnesses told me pretty much the same thing about the ESU basketball team's playoff run. Three people I talked to about the ESU basketball team's playoff run couldn't even agree on what happened. You can't make this stuff up, the ESU basketball team's playoff run, of all things. no joke. Honestly the ESU basketball team's playoff run was wilder than anyone expected. and yeah, it was as messy as it sounds. My gut says the ESU basketball team's playoff run isn't going away anytime soon. Anyway, that's where things stand.",human,article,False
"Overall, it is worth highlighting that the annual Halloween parade in the Village, several key factors must be considered. Experts suggest that the annual Halloween parade in the Village might require continued attention from officials. So basically, Experts suggest that the annual Halloween parade in the Village is kind of seen as require continued attention from officials. It is also worth noting that The situation surrounding the annual Halloween parade in the Village is kind of seen as reflect broader trends in the community. So, Experts suggest that the annual Halloween parade in the Village is kind of seen as require continued attention from officials. So, The developments related to the annual Halloween parade in the Village might warrant further monitoring. So basically. Analysts note that the annual halloween parade in the village is often seen as have significant implications going forward. So, It is important to consider that the annual Halloween parade in the Village could affect residents in the area. Bottom line, the annual Halloween parade in the Village highlights the importance of continued vigilance and community engagement.",ai,article,True
"Notably, the situation involving the mayor's press conference on crime rates, several key factors must be considered. The developments related to the mayor's press conference on crime rates tends to suggest warrant further monitoring. Also, It is important to consider that the mayor's press conference on crime rates is kind of seen as affect residents in the area. Also. Analysts note that the mayor's press conference on crime rates is kind of seen as have significant implications going forward. So basically, Experts suggest that the mayor's press conference on crime rates is kind of seen as require continued attention from officials. Also, Experts suggest that the mayor's press conference on crime rates remains to be seen require continued attention from officials. It is also worth noting that Analysts note that the mayor's press conference on crime rates is kind of seen as have significant implications going forward. Plus, Analysts note that the mayor's press conference on crime rates is kind of seen as have significant implications going forward. Bottom line, the mayor's press conference on crime rates highlights the importance of continued vigilance and community engagement.",ai,social_post,True
"Also, sources indicate that Spider-Man's rescue during the bridge collapse, several key factors must be considered. Experts suggest that Spider-Man's rescue during the bridge collapse is basically seen as require continued attention from officials. So. It is important to consider that spider-man's rescue during the bridge collapse could be argued affect residents in the area. Also, The situation surrounding Spider-Man's rescue during the bridge collapse remains to be seen reflect broader trends in the community. Also, The situation surrounding Spider-Man's rescue during the bridge collapse remains to be seen reflect broader trends in the community. It is also worth noting that Analysts note that Spider-Man's rescue during the bridge collapse might have significant implications going forward. It is also worth noting that The situation surrounding Spider-Man's rescue during the bridge collapse is kind of seen as reflect broader trends in the community. Also, Analysts note that Spider-Man's rescue during the bridge collapse could be argued have significant implications going forward. Bottom line, Spider-Man's rescue during the bridge collapse highlights the importance of continued vigilance and community engagement.",ai,interview,True
"My editor didn't want this angle, but Spider-Man's rescue during the bridge collapse. You can't make this stuff up, Spider-Man's rescue during the bridge collapse, of all things. Nobody warned me Spider-Man's rescue during the bridge collapse would take this long to sort out. Nobody warned me Spider-Man's rescue during the bridge collapse would take this long to sort out. which is saying something.",human,social_post,False
"I've covered a lot of stories, and honestly a community garden opening in Harlem. I'm still annoyed about a community garden opening in Harlem, if I'm honest. You can't make this stuff up, a community garden opening in Harlem, of all things. You can't make this stuff up, a community garden opening in Harlem, of all things. Make of that what you will.",human,interview,False
"Worth noting, the ongoing heatwave affecting Queens, several key factors must be considered. It is important to consider that the ongoing heatwave affecting Queens is kind of seen as affect residents in the area. So, The situation surrounding the ongoing heatwave affecting Queens is kind of seen as reflect broader trends in the community. It should be emphasized that Analysts note that the ongoing heatwave affecting Queens appears to indicate have significant implications going forward. Plus, It is important to consider that the ongoing heatwave affecting Queens might affect residents in the area. So, It is important to consider that the ongoing heatwave affecting Queens could affect residents in the area. Also, It is important to consider that the ongoing heatwave affecting Queens is often seen as affect residents in the area. Bottom line, the ongoing heatwave affecting Queens highlights the importance of continued vigilance and community engagement.",ai,social_post,True
"According to available information about a school fundraiser at Midtown High, several key factors must be considered. It is important to consider that a school fundraiser at Midtown High appears to indicate affect residents in the area. As a result, The developments related to a school fundraiser at Midtown High is generally considered warrant further monitoring. It should be emphasized that It is important to consider that a school fundraiser at Midtown High could be argued affect residents in the area. Furthermore, The situation surrounding a school fundraiser at Midtown High tends to suggest reflect broader trends in the community. In addition, Analysts note that a school fundraiser at Midtown High is widely regarded as have significant implications going forward. In conclusion, a school fundraiser at Midtown High highlights the importance of continued vigilance and community engagement.",ai,interview,False
"According to available information about the Daily Bugle's latest circulation numbers, several key factors must be considered. The developments related to the Daily Bugle's latest circulation numbers appears to indicate warrant further monitoring. It is also worth noting that Analysts note that the Daily Bugle's latest circulation numbers is often seen as have significant implications going forward. Plus. The situation surrounding the daily bugle's latest circulation numbers appears to indicate reflect broader trends in the community. Also, The situation surrounding the Daily Bugle's latest circulation numbers appears to indicate reflect broader trends in the community. On the other hand, Analysts note that the Daily Bugle's latest circulation numbers could have significant implications going forward. Bottom line, the Daily Bugle's latest circulation numbers highlights the importance of continued vigilance and community engagement.",ai,social_post,True
"Worth noting, the annual Halloween parade in the Village, several key factors must be considered. The situation surrounding the annual Halloween parade in the Village is kind of seen as reflect broader trends in the community. On the other hand, The situation surrounding the annual Halloween parade in the Village is kind of seen as reflect broader trends in the community. It should be emphasized that The situation surrounding the annual Halloween parade in the Village remains to be seen reflect broader trends in the community. Also, The situation surrounding the annual Halloween parade in the Village is basically seen as reflect broader trends in the community. So, Analysts note that the annual Halloween parade in the Village tends to suggest have significant implications going forward. It is also worth noting that Experts suggest that the annual Halloween parade in the Village tends to suggest require continued attention from officials. Bottom line, the annual Halloween parade in the Village highlights the importance of continued vigilance and community engagement.",ai,social_post,True
"Overall, it is worth highlighting that the ongoing heatwave affecting Queens, several key factors must be considered. Analysts note that the ongoing heatwave affecting Queens is often seen as have significant implications going forward. Moreover, The situation surrounding the ongoing heatwave affecting Queens remains to be seen reflect broader trends in the community. Moreover, Analysts note that the ongoing heatwave affecting Queens may potentially have significant implications going forward. In addition, The developments related to the ongoing heatwave affecting Queens tends to suggest warrant further monitoring. In summary, Analysts note that the ongoing heatwave affecting Queens is generally considered have significant implications going forward. In conclusion, the ongoing heatwave affecting Queens highlights the importance of continued vigilance and community engagement.",ai,article,False
"In light of recent events surrounding a labor strike at the Brooklyn shipping docks, several key factors must be considered. Analysts note that a labor strike at the Brooklyn shipping docks is generally considered have significant implications going forward. Furthermore, Analysts note that a labor strike at the Brooklyn shipping docks is generally considered have significant implications going forward. In addition, It is important to consider that a labor strike at the Brooklyn shipping docks may potentially affect residents in the area. It should be emphasized that The developments related to a labor strike at the Brooklyn shipping docks is generally considered warrant further monitoring. Additionally, Analysts note that a labor strike at the Brooklyn shipping docks appears to indicate have significant implications going forward. It is also worth noting that The situation surrounding a labor strike at the Brooklyn shipping docks could be argued reflect broader trends in the community. As a result, Analysts note that a labor strike at the Brooklyn shipping docks appears to indicate have significant implications going forward. In conclusion, a labor strike at the Brooklyn shipping docks highlights the importance of continued vigilance and community engagement.",ai,social_post,False
"Nobody saw this coming, least of all a labor strike at the Brooklyn shipping docks. Nobody warned me a labor strike at the Brooklyn shipping docks would take this long to sort out. for what it's worth. Honestly a labor strike at the Brooklyn shipping docks was wilder than anyone expected. go figure. Nobody warned me a labor strike at the Brooklyn shipping docks would take this long to sort out. no joke. I'm still annoyed about a labor strike at the Brooklyn shipping docks, if I'm honest. More on this if it actually goes anywhere.",human,interview,False
"Okay so here's the thing about a labor strike at the Brooklyn shipping docks. You can't make this stuff up, a labor strike at the Brooklyn shipping docks, of all things. no joke. Nobody warned me a labor strike at the Brooklyn shipping docks would take this long to sort out. — which, sure, tracks —. Three people I talked to about a labor strike at the Brooklyn shipping docks couldn't even agree on what happened. and yeah, it was as messy as it sounds. More on this if it actually goes anywhere.",human,article,False
"It's hard to explain how chaotic it got when a break-in at an Oscorp research facility. I'm still annoyed about a break-in at an Oscorp research facility, if I'm honest. You can't make this stuff up, a break-in at an Oscorp research facility, of all things. You can't make this stuff up, a break-in at an Oscorp research facility, of all things. still can't believe I'm writing this. I got there late and a break-in at an Oscorp research facility was already old news to everyone on the block. for what it's worth. I'm still annoyed about a break-in at an Oscorp research facility, if I'm honest. Honestly a break-in at an Oscorp research facility was wilder than anyone expected. Nobody warned me a break-in at an Oscorp research facility would take this long to sort out.",human,article,False
"I'll be straight with you about the Daily Bugle's latest circulation numbers. The Daily Bugle's latest circulation numbers? sure, why not, this city never stops. I'm still annoyed about the Daily Bugle's latest circulation numbers, if I'm honest. Honestly the Daily Bugle's latest circulation numbers was wilder than anyone expected. The Daily Bugle's latest circulation numbers? sure, why not, this city never stops. You can't make this stuff up, the Daily Bugle's latest circulation numbers, of all things. Make of that what you will.",human,article,False
"Nobody saw this coming, least of all the subway delays on the 4 train line. Three people I talked to about the subway delays on the 4 train line couldn't even agree on what happened. My gut says the subway delays on the 4 train line isn't going away anytime soon. Nobody warned me the subway delays on the 4 train line would take this long to sort out. which is saying something. Honestly the subway delays on the 4 train line was wilder than anyone expected. no joke. I'm still annoyed about the subway delays on the 4 train line, if I'm honest. I got there late and the subway delays on the 4 train line was already old news to everyone on the block. go figure. The subway delays on the 4 train line? sure, why not, this city never stops. and yeah, it was as messy as it sounds. Honestly the subway delays on the 4 train line was wilder than anyone expected.",human,interview,False
"It is important to note that a labor strike at the Brooklyn shipping docks, several key factors must be considered. It is important to consider that a labor strike at the Brooklyn shipping docks is generally considered affect residents in the area. On the other hand, It is important to consider that a labor strike at the Brooklyn shipping docks could possibly affect residents in the area. Consequently, It is important to consider that a labor strike at the Brooklyn shipping docks could be argued affect residents in the area. In summary, The situation surrounding a labor strike at the Brooklyn shipping docks may potentially reflect broader trends in the community. Furthermore, Analysts note that a labor strike at the Brooklyn shipping docks remains to be seen have significant implications going forward. Moreover, Analysts note that a labor strike at the Brooklyn shipping docks is often seen as have significant implications going forward. In conclusion, a labor strike at the Brooklyn shipping docks highlights the importance of continued vigilance and community engagement.",ai,interview,False
"Worth noting, a community garden opening in Harlem, several key factors must be considered. It is important to consider that a community garden opening in Harlem could be argued affect residents in the area. Also, The developments related to a community garden opening in Harlem might warrant further monitoring. So basically, Experts suggest that a community garden opening in Harlem tends to suggest require continued attention from officials. So basically, The developments related to a community garden opening in Harlem appears to indicate warrant further monitoring. So basically. Analysts note that a community garden opening in harlem is kind of seen as have significant implications going forward. Bottom line, a community garden opening in Harlem highlights the importance of continued vigilance and community engagement.",ai,interview,True
"In today's rapidly evolving landscape, a school fundraiser at Midtown High, several key factors must be considered. Analysts note that a school fundraiser at Midtown High is widely regarded as have significant implications going forward. In addition, Experts suggest that a school fundraiser at Midtown High is generally considered require continued attention from officials. As a result, It is important to consider that a school fundraiser at Midtown High appears to indicate affect residents in the area. Additionally, The situation surrounding a school fundraiser at Midtown High appears to indicate reflect broader trends in the community. On the other hand, Analysts note that a school fundraiser at Midtown High appears to indicate have significant implications going forward. In conclusion, a school fundraiser at Midtown High highlights the importance of continued vigilance and community engagement.",ai,article,False
"I've covered a lot of stories, and honestly a community garden opening in Harlem. Honestly a community garden opening in Harlem was wilder than anyone expected. I got there late and a community garden opening in Harlem was already old news to everyone on the block. I'm still annoyed about a community garden opening in Harlem, if I'm honest. More on this if it actually goes anywhere.",human,interview,False
"Worth noting, a labor strike at the Brooklyn shipping docks, several key factors must be considered. Analysts note that a labor strike at the Brooklyn shipping docks appears to indicate have significant implications going forward. It should be emphasized that It is important to consider that a labor strike at the Brooklyn shipping docks could affect residents in the area. So. Experts suggest that a labor strike at the brooklyn shipping docks is often seen as require continued attention from officials. So, Analysts note that a labor strike at the Brooklyn shipping docks is basically seen as have significant implications going forward. Additionally, It is important to consider that a labor strike at the Brooklyn shipping docks could affect residents in the area. Also, The situation surrounding a labor strike at the Brooklyn shipping docks could reflect broader trends in the community. Bottom line, a labor strike at the Brooklyn shipping docks highlights the importance of continued vigilance and community engagement.",ai,interview,True
"Worth noting, the ESU basketball team's playoff run, several key factors must be considered. Experts suggest that the ESU basketball team's playoff run could require continued attention from officials. Additionally, Experts suggest that the ESU basketball team's playoff run appears to indicate require continued attention from officials. Also, The situation surrounding the ESU basketball team's playoff run is often seen as reflect broader trends in the community. It is also worth noting that The situation surrounding the ESU basketball team's playoff run tends to suggest reflect broader trends in the community. On the other hand, Experts suggest that the ESU basketball team's playoff run tends to suggest require continued attention from officials. Bottom line, the ESU basketball team's playoff run highlights the importance of continued vigilance and community engagement.",ai,article,True
"Overall, it is worth highlighting that the ongoing heatwave affecting Queens, several key factors must be considered. It is important to consider that the ongoing heatwave affecting Queens might affect residents in the area. So basically, Experts suggest that the ongoing heatwave affecting Queens is kind of seen as require continued attention from officials. Also, The developments related to the ongoing heatwave affecting Queens remains to be seen warrant further monitoring. Additionally. Analysts note that the ongoing heatwave affecting queens is kind of seen as have significant implications going forward. It is also worth noting that The situation surrounding the ongoing heatwave affecting Queens is basically seen as reflect broader trends in the community. So, Analysts note that the ongoing heatwave affecting Queens could have significant implications going forward. Bottom line, the ongoing heatwave affecting Queens highlights the importance of continued vigilance and community engagement.",ai,social_post,True
"My editor didn't want this angle, but a break-in at an Oscorp research facility. Honestly a break-in at an Oscorp research facility was wilder than anyone expected. You can't make this stuff up, a break-in at an Oscorp research facility, of all things. still can't believe I'm writing this. My gut says a break-in at an Oscorp research facility isn't going away anytime soon. go figure. My gut says a break-in at an Oscorp research facility isn't going away anytime soon. A break-in at an Oscorp research facility? sure, why not, this city never stops. A break-in at an Oscorp research facility? sure, why not, this city never stops. and yeah, it was as messy as it sounds. My gut says a break-in at an Oscorp research facility isn't going away anytime soon. Honestly a break-in at an Oscorp research facility was wilder than anyone expected. You can't make this stuff up, a break-in at an Oscorp research facility, of all things. and yeah, it was as messy as it sounds.",human,article,False
"Overall, it is worth highlighting that a gallery opening downtown, several key factors must be considered. It is important to consider that a gallery opening downtown appears to indicate affect residents in the area. It is also worth noting that The developments related to a gallery opening downtown could warrant further monitoring. It is also worth noting that The situation surrounding a gallery opening downtown appears to indicate reflect broader trends in the community. So. Analysts note that a gallery opening downtown could be argued have significant implications going forward. Also, The situation surrounding a gallery opening downtown remains to be seen reflect broader trends in the community. Bottom line, a gallery opening downtown highlights the importance of continued vigilance and community engagement.",ai,interview,True
"As reports continue to emerge about a labor strike at the Brooklyn shipping docks, several key factors must be considered. Experts suggest that a labor strike at the Brooklyn shipping docks could be argued require continued attention from officials. Additionally, The situation surrounding a labor strike at the Brooklyn shipping docks is basically seen as reflect broader trends in the community. On the other hand, It is important to consider that a labor strike at the Brooklyn shipping docks could be argued affect residents in the area. On the other hand, Analysts note that a labor strike at the Brooklyn shipping docks appears to indicate have significant implications going forward. Plus, Experts suggest that a labor strike at the Brooklyn shipping docks might require continued attention from officials. It should be emphasized that Analysts note that a labor strike at the Brooklyn shipping docks tends to suggest have significant implications going forward. Additionally, Experts suggest that a labor strike at the Brooklyn shipping docks is often seen as require continued attention from officials. Bottom line, a labor strike at the Brooklyn shipping docks highlights the importance of continued vigilance and community engagement.",ai,interview,True
"Half the block showed up to see a community garden opening in Harlem. I'm still annoyed about a community garden opening in Harlem, if I'm honest. go figure. Honestly a community garden opening in Harlem was wilder than anyone expected. for what it's worth. Honestly a community garden opening in Harlem was wilder than anyone expected. Anyway, that's where things stand.",human,interview,False
"Nobody saw this coming, least of all the new city council transit funding bill. I'm still annoyed about the new city council transit funding bill, if I'm honest. I'm still annoyed about the new city council transit funding bill, if I'm honest. for what it's worth. The new city council transit funding bill? sure, why not, this city never stops. I got there late and the new city council transit funding bill was already old news to everyone on the block. I'm still annoyed about the new city council transit funding bill, if I'm honest. for what it's worth. I'm still annoyed about the new city council transit funding bill, if I'm honest. and yeah, it was as messy as it sounds.",human,interview,False
"In light of recent events surrounding the mayor's press conference on crime rates, several key factors must be considered. The developments related to the mayor's press conference on crime rates is kind of seen as warrant further monitoring. Also, The developments related to the mayor's press conference on crime rates remains to be seen warrant further monitoring. Additionally, It is important to consider that the mayor's press conference on crime rates remains to be seen affect residents in the area. Plus, The situation surrounding the mayor's press conference on crime rates could reflect broader trends in the community. Also. The developments related to the mayor's press conference on crime rates could warrant further monitoring. On the other hand, The situation surrounding the mayor's press conference on crime rates is basically seen as reflect broader trends in the community. Bottom line, the mayor's press conference on crime rates highlights the importance of continued vigilance and community engagement.",ai,interview,True
"As reports continue to emerge about the annual Halloween parade in the Village, several key factors must be considered. The developments related to the annual Halloween parade in the Village remains to be seen warrant further monitoring. Furthermore, Analysts note that the annual Halloween parade in the Village could possibly have significant implications going forward. Consequently, Experts suggest that the annual Halloween parade in the Village remains to be seen require continued attention from officials. Consequently, The developments related to the annual Halloween parade in the Village is generally considered warrant further monitoring. On the other hand, Experts suggest that the annual Halloween parade in the Village is often seen as require continued attention from officials. In conclusion, the annual Halloween parade in the Village highlights the importance of continued vigilance and community engagement.",ai,social_post,False
"Nobody saw this coming, least of all the subway delays on the 4 train line. Nobody warned me the subway delays on the 4 train line would take this long to sort out. You can't make this stuff up, the subway delays on the 4 train line, of all things. Nobody warned me the subway delays on the 4 train line would take this long to sort out. Three people I talked to about the subway delays on the 4 train line couldn't even agree on what happened. no joke. Honestly the subway delays on the 4 train line was wilder than anyone expected. My gut says the subway delays on the 4 train line isn't going away anytime soon. no joke.",human,article,False
"Worth noting, the ESU basketball team's playoff run, several key factors must be considered. It is important to consider that the ESU basketball team's playoff run might affect residents in the area. Also, It is important to consider that the ESU basketball team's playoff run is often seen as affect residents in the area. Plus, The developments related to the ESU basketball team's playoff run could warrant further monitoring. So basically, The situation surrounding the ESU basketball team's playoff run is basically seen as reflect broader trends in the community. On the other hand, Analysts note that the ESU basketball team's playoff run could be argued have significant implications going forward. So, The developments related to the ESU basketball team's playoff run could warrant further monitoring. Bottom line, the ESU basketball team's playoff run highlights the importance of continued vigilance and community engagement.",ai,article,True
"My editor didn't want this angle, but a labor strike at the Brooklyn shipping docks. You can't make this stuff up, a labor strike at the Brooklyn shipping docks, of all things. I got there late and a labor strike at the Brooklyn shipping docks was already old news to everyone on the block. A labor strike at the Brooklyn shipping docks? sure, why not, this city never stops. I'm still annoyed about a labor strike at the Brooklyn shipping docks, if I'm honest. You can't make this stuff up, a labor strike at the Brooklyn shipping docks, of all things. Three people I talked to about a labor strike at the Brooklyn shipping docks couldn't even agree on what happened. still can't believe I'm writing this. Three people I talked to about a labor strike at the Brooklyn shipping docks couldn't even agree on what happened. I got there late and a labor strike at the Brooklyn shipping docks was already old news to everyone on the block. Anyway, that's where things stand.",human,article,False
"Worth noting, the Daily Bugle's latest circulation numbers, several key factors must be considered. Experts suggest that the Daily Bugle's latest circulation numbers might require continued attention from officials. Also. Experts suggest that the daily bugle's latest circulation numbers is basically seen as require continued attention from officials. Also, It is important to consider that the Daily Bugle's latest circulation numbers could be argued affect residents in the area. So, The developments related to the Daily Bugle's latest circulation numbers is often seen as warrant further monitoring. It should be emphasized that Analysts note that the Daily Bugle's latest circulation numbers remains to be seen have significant implications going forward. Bottom line, the Daily Bugle's latest circulation numbers highlights the importance of continued vigilance and community engagement.",ai,article,True
"Overall, it is worth highlighting that the Daily Bugle's latest circulation numbers, several key factors must be considered. The situation surrounding the Daily Bugle's latest circulation numbers appears to indicate reflect broader trends in the community. Plus, Analysts note that the Daily Bugle's latest circulation numbers is basically seen as have significant implications going forward. Additionally, Analysts note that the Daily Bugle's latest circulation numbers is kind of seen as have significant implications going forward. Additionally, It is important to consider that the Daily Bugle's latest circulation numbers is kind of seen as affect residents in the area. On the other hand, Analysts note that the Daily Bugle's latest circulation numbers is basically seen as have significant implications going forward. It is also worth noting that Analysts note that the Daily Bugle's latest circulation numbers might have significant implications going forward. Additionally. The situation surrounding the daily bugle's latest circulation numbers could reflect broader trends in the community. Bottom line, the Daily Bugle's latest circulation numbers highlights the importance of continued vigilance and community engagement.",ai,interview,True
"My editor didn't want this angle, but a viral video showing a costumed vigilante. A viral video showing a costumed vigilante? sure, why not, this city never stops. which nobody bothered to fact-check. I got there late and a viral video showing a costumed vigilante was already old news to everyone on the block. A viral video showing a costumed vigilante? sure, why not, this city never stops. A viral video showing a costumed vigilante? sure, why not, this city never stops. still can't believe I'm writing this. You can't make this stuff up, a viral video showing a costumed vigilante, of all things. My gut says a viral video showing a costumed vigilante isn't going away anytime soon. for what it's worth. I'm still annoyed about a viral video showing a costumed vigilante, if I'm honest. Make of that what you will.",human,social_post,False
"In recent developments regarding the annual Halloween parade in the Village, several key factors must be considered. It is important to consider that the annual Halloween parade in the Village remains to be seen affect residents in the area. Furthermore, Experts suggest that the annual Halloween parade in the Village remains to be seen require continued attention from officials. It should be emphasized that The developments related to the annual Halloween parade in the Village may potentially warrant further monitoring. In summary, The developments related to the annual Halloween parade in the Village is generally considered warrant further monitoring. Furthermore, The developments related to the annual Halloween parade in the Village appears to indicate warrant further monitoring. In conclusion, the annual Halloween parade in the Village highlights the importance of continued vigilance and community engagement.",ai,interview,False
"In recent developments regarding a community garden opening in Harlem, several key factors must be considered. The developments related to a community garden opening in Harlem could possibly warrant further monitoring. In addition, The developments related to a community garden opening in Harlem appears to indicate warrant further monitoring. In summary, It is important to consider that a community garden opening in Harlem is generally considered affect residents in the area. As a result, Experts suggest that a community garden opening in Harlem is generally considered require continued attention from officials. In addition, The situation surrounding a community garden opening in Harlem is often seen as reflect broader trends in the community. As a result, The situation surrounding a community garden opening in Harlem could be argued reflect broader trends in the community. In conclusion, a community garden opening in Harlem highlights the importance of continued vigilance and community engagement.",ai,social_post,False
"In light of recent events surrounding a gallery opening downtown, several key factors must be considered. Experts suggest that a gallery opening downtown may potentially require continued attention from officials. Additionally, It is important to consider that a gallery opening downtown is widely regarded as affect residents in the area. It is also worth noting that It is important to consider that a gallery opening downtown is widely regarded as affect residents in the area. Additionally, It is important to consider that a gallery opening downtown could be argued affect residents in the area. In summary, It is important to consider that a gallery opening downtown could possibly affect residents in the area. Furthermore, It is important to consider that a gallery opening downtown is generally considered affect residents in the area. In addition, Experts suggest that a gallery opening downtown may potentially require continued attention from officials. In conclusion, a gallery opening downtown highlights the importance of continued vigilance and community engagement.",ai,interview,False
"It is important to note that the ongoing heatwave affecting Queens, several key factors must be considered. The situation surrounding the ongoing heatwave affecting Queens may potentially reflect broader trends in the community. In summary, Analysts note that the ongoing heatwave affecting Queens may potentially have significant implications going forward. Consequently, Analysts note that the ongoing heatwave affecting Queens appears to indicate have significant implications going forward. Additionally, The situation surrounding the ongoing heatwave affecting Queens could possibly reflect broader trends in the community. On the other hand, The developments related to the ongoing heatwave affecting Queens remains to be seen warrant further monitoring. In conclusion, the ongoing heatwave affecting Queens highlights the importance of continued vigilance and community engagement.",ai,article,False
"In today's rapidly evolving landscape, the ongoing heatwave affecting Queens, several key factors must be considered. Analysts note that the ongoing heatwave affecting Queens is widely regarded as have significant implications going forward. Additionally, Analysts note that the ongoing heatwave affecting Queens could be argued have significant implications going forward. Consequently, Experts suggest that the ongoing heatwave affecting Queens is generally considered require continued attention from officials. Furthermore, The situation surrounding the ongoing heatwave affecting Queens appears to indicate reflect broader trends in the community. On the other hand, The situation surrounding the ongoing heatwave affecting Queens could be argued reflect broader trends in the community. Furthermore, Analysts note that the ongoing heatwave affecting Queens appears to indicate have significant implications going forward. Moreover, The developments related to the ongoing heatwave affecting Queens appears to indicate warrant further monitoring. In conclusion, the ongoing heatwave affecting Queens highlights the importance of continued vigilance and community engagement.",ai,social_post,False
"Look, I wasn't expecting much when I showed up, but a gallery opening downtown. A gallery opening downtown? sure, why not, this city never stops. Three people I talked to about a gallery opening downtown couldn't even agree on what happened. My gut says a gallery opening downtown isn't going away anytime soon. Nobody warned me a gallery opening downtown would take this long to sort out. and yeah, it was as messy as it sounds. Honestly a gallery opening downtown was wilder than anyone expected. Nobody warned me a gallery opening downtown would take this long to sort out. A gallery opening downtown? sure, why not, this city never stops. More on this if it actually goes anywhere.",human,interview,False
"Overall, it is worth highlighting that the mayor's press conference on crime rates, several key factors must be considered. It is important to consider that the mayor's press conference on crime rates remains to be seen affect residents in the area. It should be emphasized that The developments related to the mayor's press conference on crime rates appears to indicate warrant further monitoring. Additionally, Analysts note that the mayor's press conference on crime rates could have significant implications going forward. Also, Analysts note that the mayor's press conference on crime rates might have significant implications going forward. Also, Analysts note that the mayor's press conference on crime rates might have significant implications going forward. Plus, The developments related to the mayor's press conference on crime rates is basically seen as warrant further monitoring. Also. The developments related to the mayor's press conference on crime rates is basically seen as warrant further monitoring. Bottom line, the mayor's press conference on crime rates highlights the importance of continued vigilance and community engagement.",ai,interview,True
"In light of recent events surrounding the ongoing heatwave affecting Queens, several key factors must be considered. The developments related to the ongoing heatwave affecting Queens appears to indicate warrant further monitoring. Consequently, Analysts note that the ongoing heatwave affecting Queens appears to indicate have significant implications going forward. In addition, Analysts note that the ongoing heatwave affecting Queens is widely regarded as have significant implications going forward. On the other hand, Analysts note that the ongoing heatwave affecting Queens is widely regarded as have significant implications going forward. On the other hand, Experts suggest that the ongoing heatwave affecting Queens could be argued require continued attention from officials. On the other hand, The developments related to the ongoing heatwave affecting Queens could possibly warrant further monitoring. In summary, The situation surrounding the ongoing heatwave affecting Queens could possibly reflect broader trends in the community. In conclusion, the ongoing heatwave affecting Queens highlights the importance of continued vigilance and community engagement.",ai,article,False
"In light of recent events surrounding a gallery opening downtown, several key factors must be considered. It is important to consider that a gallery opening downtown is often seen as affect residents in the area. In addition, Experts suggest that a gallery opening downtown may potentially require continued attention from officials. On the other hand, Analysts note that a gallery opening downtown is often seen as have significant implications going forward. Additionally, It is important to consider that a gallery opening downtown may potentially affect residents in the area. On the other hand, The situation surrounding a gallery opening downtown may potentially reflect broader trends in the community. On the other hand, The situation surrounding a gallery opening downtown appears to indicate reflect broader trends in the community. Additionally, Analysts note that a gallery opening downtown may potentially have significant implications going forward. In conclusion, a gallery opening downtown highlights the importance of continued vigilance and community engagement.",ai,social_post,False
"In recent developments regarding the subway delays on the 4 train line, several key factors must be considered. It is important to consider that the subway delays on the 4 train line appears to indicate affect residents in the area. So, Analysts note that the subway delays on the 4 train line is kind of seen as have significant implications going forward. On the other hand, The situation surrounding the subway delays on the 4 train line might reflect broader trends in the community. So, The situation surrounding the subway delays on the 4 train line is often seen as reflect broader trends in the community. It should be emphasized that The situation surrounding the subway delays on the 4 train line is basically seen as reflect broader trends in the community. Bottom line, the subway delays on the 4 train line highlights the importance of continued vigilance and community engagement.",ai,article,True
"My editor didn't want this angle, but a gallery opening downtown. A gallery opening downtown? sure, why not, this city never stops. for what it's worth. Honestly a gallery opening downtown was wilder than anyone expected. — which, sure, tracks —. I'm still annoyed about a gallery opening downtown, if I'm honest. and yeah, it was as messy as it sounds. Nobody warned me a gallery opening downtown would take this long to sort out.",human,social_post,False
"You'd think by now people would stop being surprised by a school fundraiser at Midtown High. Three people I talked to about a school fundraiser at Midtown High couldn't even agree on what happened. — which, sure, tracks —. I'm still annoyed about a school fundraiser at Midtown High, if I'm honest. go figure. Three people I talked to about a school fundraiser at Midtown High couldn't even agree on what happened. A school fundraiser at Midtown High? sure, why not, this city never stops. Three people I talked to about a school fundraiser at Midtown High couldn't even agree on what happened. You can't make this stuff up, a school fundraiser at Midtown High, of all things.",human,article,False
"As reports continue to emerge about the new city council transit funding bill, several key factors must be considered. It is important to consider that the new city council transit funding bill could possibly affect residents in the area. In addition, It is important to consider that the new city council transit funding bill is widely regarded as affect residents in the area. Furthermore, Experts suggest that the new city council transit funding bill is generally considered require continued attention from officials. Additionally, Experts suggest that the new city council transit funding bill is widely regarded as require continued attention from officials. Moreover, Experts suggest that the new city council transit funding bill could be argued require continued attention from officials. Furthermore, The situation surrounding the new city council transit funding bill is often seen as reflect broader trends in the community. It is also worth noting that The situation surrounding the new city council transit funding bill remains to be seen reflect broader trends in the community. In conclusion, the new city council transit funding bill highlights the importance of continued vigilance and community engagement.",ai,social_post,False
"Overall, it is worth highlighting that a community garden opening in Harlem, several key factors must be considered. It is important to consider that a community garden opening in Harlem tends to suggest affect residents in the area. Additionally, Experts suggest that a community garden opening in Harlem could require continued attention from officials. Plus, The developments related to a community garden opening in Harlem could warrant further monitoring. Also, The developments related to a community garden opening in Harlem is kind of seen as warrant further monitoring. Plus, The developments related to a community garden opening in Harlem could warrant further monitoring. Additionally, Experts suggest that a community garden opening in Harlem appears to indicate require continued attention from officials. So basically. Experts suggest that a community garden opening in harlem remains to be seen require continued attention from officials. Bottom line, a community garden opening in Harlem highlights the importance of continued vigilance and community engagement.",ai,social_post,True
"Furthermore, sources indicate that the Daily Bugle's latest circulation numbers, several key factors must be considered. The situation surrounding the Daily Bugle's latest circulation numbers may potentially reflect broader trends in the community. On the other hand, The situation surrounding the Daily Bugle's latest circulation numbers remains to be seen reflect broader trends in the community. On the other hand, Analysts note that the Daily Bugle's latest circulation numbers is often seen as have significant implications going forward. In summary, Experts suggest that the Daily Bugle's latest circulation numbers appears to indicate require continued attention from officials. It should be emphasized that The situation surrounding the Daily Bugle's latest circulation numbers could be argued reflect broader trends in the community. As a result, Analysts note that the Daily Bugle's latest circulation numbers is often seen as have significant implications going forward. In conclusion, the Daily Bugle's latest circulation numbers highlights the importance of continued vigilance and community engagement.",ai,interview,False
"I've covered a lot of stories, and honestly the ongoing heatwave affecting Queens. You can't make this stuff up, the ongoing heatwave affecting Queens, of all things. Nobody warned me the ongoing heatwave affecting Queens would take this long to sort out. Honestly the ongoing heatwave affecting Queens was wilder than anyone expected.",human,article,False
"Okay so here's the thing about the mayor's press conference on crime rates. Nobody warned me the mayor's press conference on crime rates would take this long to sort out. go figure. You can't make this stuff up, the mayor's press conference on crime rates, of all things. Honestly the mayor's press conference on crime rates was wilder than anyone expected. Three people I talked to about the mayor's press conference on crime rates couldn't even agree on what happened. You can't make this stuff up, the mayor's press conference on crime rates, of all things. The mayor's press conference on crime rates? sure, why not, this city never stops. for what it's worth. I got there late and the mayor's press conference on crime rates was already old news to everyone on the block.",human,interview,False
"Three witnesses told me pretty much the same thing about rising rent prices in Manhattan. My gut says rising rent prices in Manhattan isn't going away anytime soon. and yeah, it was as messy as it sounds. Honestly rising rent prices in Manhattan was wilder than anyone expected. I got there late and rising rent prices in Manhattan was already old news to everyone on the block. (don't ask how long that took). You can't make this stuff up, rising rent prices in Manhattan, of all things. Make of that what you will.",human,social_post,False
"Overall, it is worth highlighting that the Daily Bugle's latest circulation numbers, several key factors must be considered. The developments related to the Daily Bugle's latest circulation numbers is widely regarded as warrant further monitoring. Consequently, Experts suggest that the Daily Bugle's latest circulation numbers could possibly require continued attention from officials. Additionally, Experts suggest that the Daily Bugle's latest circulation numbers remains to be seen require continued attention from officials. In summary, The situation surrounding the Daily Bugle's latest circulation numbers may potentially reflect broader trends in the community. As a result, It is important to consider that the Daily Bugle's latest circulation numbers may potentially affect residents in the area. In conclusion, the Daily Bugle's latest circulation numbers highlights the importance of continued vigilance and community engagement.",ai,interview,False
"Look, I wasn't expecting much when I showed up, but a gallery opening downtown. Nobody warned me a gallery opening downtown would take this long to sort out. I got there late and a gallery opening downtown was already old news to everyone on the block. I'm still annoyed about a gallery opening downtown, if I'm honest. You can't make this stuff up, a gallery opening downtown, of all things. Anyway, that's where things stand.",human,interview,False
"Half the block showed up to see the Daily Bugle's latest circulation numbers. My gut says the Daily Bugle's latest circulation numbers isn't going away anytime soon. still can't believe I'm writing this. Nobody warned me the Daily Bugle's latest circulation numbers would take this long to sort out. You can't make this stuff up, the Daily Bugle's latest circulation numbers, of all things. I still don't buy it, honestly.",human,article,False
"It is important to note that the mayor's press conference on crime rates, several key factors must be considered. Experts suggest that the mayor's press conference on crime rates remains to be seen require continued attention from officials. In summary, The developments related to the mayor's press conference on crime rates may potentially warrant further monitoring. Furthermore, Experts suggest that the mayor's press conference on crime rates is widely regarded as require continued attention from officials. In summary, The developments related to the mayor's press conference on crime rates is generally considered warrant further monitoring. As a result, The developments related to the mayor's press conference on crime rates is generally considered warrant further monitoring. In conclusion, the mayor's press conference on crime rates highlights the importance of continued vigilance and community engagement.",ai,interview,False
"I've covered a lot of stories, and honestly Spider-Man's rescue during the bridge collapse. I got there late and Spider-Man's rescue during the bridge collapse was already old news to everyone on the block. Spider-Man's rescue during the bridge collapse? sure, why not, this city never stops. Spider-Man's rescue during the bridge collapse? sure, why not, this city never stops.",human,social_post,False
"Three witnesses told me pretty much the same thing about a community garden opening in Harlem. I'm still annoyed about a community garden opening in Harlem, if I'm honest. (don't ask how long that took). I'm still annoyed about a community garden opening in Harlem, if I'm honest. I got there late and a community garden opening in Harlem was already old news to everyone on the block. which nobody bothered to fact-check. You can't make this stuff up, a community garden opening in Harlem, of all things. Nobody warned me a community garden opening in Harlem would take this long to sort out. I'm still annoyed about a community garden opening in Harlem, if I'm honest. My gut says a community garden opening in Harlem isn't going away anytime soon. I'm still annoyed about a community garden opening in Harlem, if I'm honest. for what it's worth.",human,social_post,False
"You'd think by now people would stop being surprised by a viral video showing a costumed vigilante. You can't make this stuff up, a viral video showing a costumed vigilante, of all things. which nobody bothered to fact-check. You can't make this stuff up, a viral video showing a costumed vigilante, of all things. I got there late and a viral video showing a costumed vigilante was already old news to everyone on the block. still can't believe I'm writing this. You can't make this stuff up, a viral video showing a costumed vigilante, of all things. A viral video showing a costumed vigilante? sure, why not, this city never stops. My gut says a viral video showing a costumed vigilante isn't going away anytime soon. still can't believe I'm writing this. You can't make this stuff up, a viral video showing a costumed vigilante, of all things. I got there late and a viral video showing a costumed vigilante was already old news to everyone on the block.",human,social_post,False
"Half the block showed up to see the annual Halloween parade in the Village. Honestly the annual Halloween parade in the Village was wilder than anyone expected. which is saying something. You can't make this stuff up, the annual Halloween parade in the Village, of all things. still can't believe I'm writing this. My gut says the annual Halloween parade in the Village isn't going away anytime soon. Honestly the annual Halloween parade in the Village was wilder than anyone expected. (don't ask how long that took). I got there late and the annual Halloween parade in the Village was already old news to everyone on the block. and yeah, it was as messy as it sounds. Nobody warned me the annual Halloween parade in the Village would take this long to sort out. for what it's worth. We'll see what happens next.",human,interview,False
"Notably, the situation involving a viral video showing a costumed vigilante, several key factors must be considered. The developments related to a viral video showing a costumed vigilante might warrant further monitoring. Plus, The developments related to a viral video showing a costumed vigilante appears to indicate warrant further monitoring. Also. The situation surrounding a viral video showing a costumed vigilante is often seen as reflect broader trends in the community. On the other hand, The developments related to a viral video showing a costumed vigilante appears to indicate warrant further monitoring. Additionally, The situation surrounding a viral video showing a costumed vigilante could reflect broader trends in the community. Also, Analysts note that a viral video showing a costumed vigilante could be argued have significant implications going forward. Bottom line, a viral video showing a costumed vigilante highlights the importance of continued vigilance and community engagement.",ai,article,True
"In today's rapidly evolving landscape, a community garden opening in Harlem, several key factors must be considered. Analysts note that a community garden opening in Harlem is often seen as have significant implications going forward. So basically, The developments related to a community garden opening in Harlem might warrant further monitoring. So, It is important to consider that a community garden opening in Harlem could affect residents in the area. It should be emphasized that Analysts note that a community garden opening in Harlem could be argued have significant implications going forward. On the other hand, It is important to consider that a community garden opening in Harlem is kind of seen as affect residents in the area. So, It is important to consider that a community garden opening in Harlem remains to be seen affect residents in the area. Bottom line, a community garden opening in Harlem highlights the importance of continued vigilance and community engagement.",ai,social_post,True
"My editor didn't want this angle, but a viral video showing a costumed vigilante. I'm still annoyed about a viral video showing a costumed vigilante, if I'm honest. Honestly a viral video showing a costumed vigilante was wilder than anyone expected. My gut says a viral video showing a costumed vigilante isn't going away anytime soon. go figure. I got there late and a viral video showing a costumed vigilante was already old news to everyone on the block. I'm still annoyed about a viral video showing a costumed vigilante, if I'm honest. which nobody bothered to fact-check. Three people I talked to about a viral video showing a costumed vigilante couldn't even agree on what happened. I got there late and a viral video showing a costumed vigilante was already old news to everyone on the block. go figure.",human,social_post,False
"In recent developments regarding a community garden opening in Harlem, several key factors must be considered. Analysts note that a community garden opening in Harlem is often seen as have significant implications going forward. So, Experts suggest that a community garden opening in Harlem could require continued attention from officials. Plus, The developments related to a community garden opening in Harlem is basically seen as warrant further monitoring. Also. Analysts note that a community garden opening in harlem is basically seen as have significant implications going forward. Also, It is important to consider that a community garden opening in Harlem appears to indicate affect residents in the area. Also, The situation surrounding a community garden opening in Harlem could reflect broader trends in the community. Bottom line, a community garden opening in Harlem highlights the importance of continued vigilance and community engagement.",ai,social_post,True
"Look, I wasn't expecting much when I showed up, but Spider-Man's rescue during the bridge collapse. My gut says Spider-Man's rescue during the bridge collapse isn't going away anytime soon. Honestly Spider-Man's rescue during the bridge collapse was wilder than anyone expected. Honestly Spider-Man's rescue during the bridge collapse was wilder than anyone expected. Nobody warned me Spider-Man's rescue during the bridge collapse would take this long to sort out. You can't make this stuff up, Spider-Man's rescue during the bridge collapse, of all things. which is saying something. My gut says Spider-Man's rescue during the bridge collapse isn't going away anytime soon.",human,article,False
"According to available information about the new city council transit funding bill, several key factors must be considered. Analysts note that the new city council transit funding bill tends to suggest have significant implications going forward. It is also worth noting that The developments related to the new city council transit funding bill is basically seen as warrant further monitoring. Also, It is important to consider that the new city council transit funding bill is basically seen as affect residents in the area. Additionally, Analysts note that the new city council transit funding bill remains to be seen have significant implications going forward. Additionally, The situation surrounding the new city council transit funding bill remains to be seen reflect broader trends in the community. So, The developments related to the new city council transit funding bill is often seen as warrant further monitoring. Bottom line, the new city council transit funding bill highlights the importance of continued vigilance and community engagement.",ai,social_post,True
"It's hard to explain how chaotic it got when a labor strike at the Brooklyn shipping docks. You can't make this stuff up, a labor strike at the Brooklyn shipping docks, of all things. Honestly a labor strike at the Brooklyn shipping docks was wilder than anyone expected. go figure. Nobody warned me a labor strike at the Brooklyn shipping docks would take this long to sort out.",human,social_post,False
"Look, I wasn't expecting much when I showed up, but a break-in at an Oscorp research facility. A break-in at an Oscorp research facility? sure, why not, this city never stops. which nobody bothered to fact-check. Nobody warned me a break-in at an Oscorp research facility would take this long to sort out. I'm still annoyed about a break-in at an Oscorp research facility, if I'm honest. Nobody warned me a break-in at an Oscorp research facility would take this long to sort out. no joke. I'm still annoyed about a break-in at an Oscorp research facility, if I'm honest. A break-in at an Oscorp research facility? sure, why not, this city never stops. You can't make this stuff up, a break-in at an Oscorp research facility, of all things. Nobody warned me a break-in at an Oscorp research facility would take this long to sort out. still can't believe I'm writing this. I got there late and a break-in at an Oscorp research facility was already old news to everyone on the block. Anyway, that's where things stand.",human,social_post,False
"Half the block showed up to see Spider-Man's rescue during the bridge collapse. I'm still annoyed about Spider-Man's rescue during the bridge collapse, if I'm honest. and yeah, it was as messy as it sounds. Honestly Spider-Man's rescue during the bridge collapse was wilder than anyone expected. — which, sure, tracks —. Three people I talked to about Spider-Man's rescue during the bridge collapse couldn't even agree on what happened. Nobody warned me Spider-Man's rescue during the bridge collapse would take this long to sort out. My gut says Spider-Man's rescue during the bridge collapse isn't going away anytime soon.",human,interview,False
"My editor didn't want this angle, but rising rent prices in Manhattan. I got there late and rising rent prices in Manhattan was already old news to everyone on the block. Three people I talked to about rising rent prices in Manhattan couldn't even agree on what happened. go figure. Three people I talked to about rising rent prices in Manhattan couldn't even agree on what happened. I still don't buy it, honestly. I got there late and rising rent prices in Manhattan was already old news to everyone on the block. and yeah, it was as messy as it sounds. Nobody warned me rising rent prices in Manhattan would take this long to sort out. We'll see what happens next.",human,social_post,False
"Overall, it is worth highlighting that the mayor's press conference on crime rates, several key factors must be considered. The situation surrounding the mayor's press conference on crime rates remains to be seen reflect broader trends in the community. So, The developments related to the mayor's press conference on crime rates is kind of seen as warrant further monitoring. It is also worth noting that Analysts note that the mayor's press conference on crime rates is kind of seen as have significant implications going forward. Plus, Experts suggest that the mayor's press conference on crime rates might require continued attention from officials. So, The developments related to the mayor's press conference on crime rates remains to be seen warrant further monitoring. So. It is important to consider that the mayor's press conference on crime rates is often seen as affect residents in the area. So, It is important to consider that the mayor's press conference on crime rates remains to be seen affect residents in the area. Bottom line, the mayor's press conference on crime rates highlights the importance of continued vigilance and community engagement.",ai,interview,True
"Three witnesses told me pretty much the same thing about a labor strike at the Brooklyn shipping docks. Nobody warned me a labor strike at the Brooklyn shipping docks would take this long to sort out. A labor strike at the Brooklyn shipping docks? sure, why not, this city never stops. My gut says a labor strike at the Brooklyn shipping docks isn't going away anytime soon. Nobody warned me a labor strike at the Brooklyn shipping docks would take this long to sort out. Honestly a labor strike at the Brooklyn shipping docks was wilder than anyone expected. A labor strike at the Brooklyn shipping docks? sure, why not, this city never stops. You can't make this stuff up, a labor strike at the Brooklyn shipping docks, of all things. — which, sure, tracks —. I'm still annoyed about a labor strike at the Brooklyn shipping docks, if I'm honest. and yeah, it was as messy as it sounds.",human,interview,False
"Notably, the situation involving rising rent prices in Manhattan, several key factors must be considered. Experts suggest that rising rent prices in Manhattan could require continued attention from officials. So, Experts suggest that rising rent prices in Manhattan is basically seen as require continued attention from officials. It should be emphasized that The developments related to rising rent prices in Manhattan might warrant further monitoring. So, The developments related to rising rent prices in Manhattan remains to be seen warrant further monitoring. It should be emphasized that It is important to consider that rising rent prices in Manhattan could affect residents in the area. Plus, Experts suggest that rising rent prices in Manhattan remains to be seen require continued attention from officials. Bottom line, rising rent prices in Manhattan highlights the importance of continued vigilance and community engagement.",ai,interview,True
"It has become increasingly evident that rising rent prices in Manhattan, several key factors must be considered. Experts suggest that rising rent prices in Manhattan tends to suggest require continued attention from officials. Also, It is important to consider that rising rent prices in Manhattan could affect residents in the area. So, It is important to consider that rising rent prices in Manhattan is often seen as affect residents in the area. It is also worth noting that Experts suggest that rising rent prices in Manhattan is kind of seen as require continued attention from officials. So, Analysts note that rising rent prices in Manhattan is basically seen as have significant implications going forward. So, The developments related to rising rent prices in Manhattan is often seen as warrant further monitoring. Bottom line, rising rent prices in Manhattan highlights the importance of continued vigilance and community engagement.",ai,interview,True
"Furthermore, sources indicate that the new city council transit funding bill, several key factors must be considered. The developments related to the new city council transit funding bill remains to be seen warrant further monitoring. Moreover, It is important to consider that the new city council transit funding bill is often seen as affect residents in the area. Additionally, Analysts note that the new city council transit funding bill could possibly have significant implications going forward. Additionally, Analysts note that the new city council transit funding bill is widely regarded as have significant implications going forward. In summary, The developments related to the new city council transit funding bill appears to indicate warrant further monitoring. Moreover, The situation surrounding the new city council transit funding bill tends to suggest reflect broader trends in the community. In summary, The developments related to the new city council transit funding bill remains to be seen warrant further monitoring. In conclusion, the new city council transit funding bill highlights the importance of continued vigilance and community engagement.",ai,social_post,False
"You'd think by now people would stop being surprised by a viral video showing a costumed vigilante. My gut says a viral video showing a costumed vigilante isn't going away anytime soon. A viral video showing a costumed vigilante? sure, why not, this city never stops. I got there late and a viral video showing a costumed vigilante was already old news to everyone on the block. and yeah, it was as messy as it sounds. You can't make this stuff up, a viral video showing a costumed vigilante, of all things.",human,article,False
"You'd think by now people would stop being surprised by a gallery opening downtown. My gut says a gallery opening downtown isn't going away anytime soon. Three people I talked to about a gallery opening downtown couldn't even agree on what happened. A gallery opening downtown? sure, why not, this city never stops. still can't believe I'm writing this. Three people I talked to about a gallery opening downtown couldn't even agree on what happened. which is saying something. My gut says a gallery opening downtown isn't going away anytime soon. I got there late and a gallery opening downtown was already old news to everyone on the block. which is saying something. I'm still annoyed about a gallery opening downtown, if I'm honest. I still don't buy it, honestly. I'm still annoyed about a gallery opening downtown, if I'm honest. which is saying something. Anyway, that's where things stand.",human,interview,False
"As reports continue to emerge about the ESU basketball team's playoff run, several key factors must be considered. It is important to consider that the ESU basketball team's playoff run could affect residents in the area. So basically, It is important to consider that the ESU basketball team's playoff run is often seen as affect residents in the area. It should be emphasized that It is important to consider that the ESU basketball team's playoff run is kind of seen as affect residents in the area. Also, Experts suggest that the ESU basketball team's playoff run appears to indicate require continued attention from officials. It is also worth noting that The developments related to the ESU basketball team's playoff run remains to be seen warrant further monitoring. So, It is important to consider that the ESU basketball team's playoff run remains to be seen affect residents in the area. It should be emphasized that The situation surrounding the ESU basketball team's playoff run is often seen as reflect broader trends in the community. Bottom line, the ESU basketball team's playoff run highlights the importance of continued vigilance and community engagement.",ai,social_post,True
"As reports continue to emerge about a viral video showing a costumed vigilante, several key factors must be considered. The developments related to a viral video showing a costumed vigilante could be argued warrant further monitoring. On the other hand, The developments related to a viral video showing a costumed vigilante appears to indicate warrant further monitoring. On the other hand. Analysts note that a viral video showing a costumed vigilante remains to be seen have significant implications going forward. So, Experts suggest that a viral video showing a costumed vigilante appears to indicate require continued attention from officials. So basically, The developments related to a viral video showing a costumed vigilante remains to be seen warrant further monitoring. Bottom line, a viral video showing a costumed vigilante highlights the importance of continued vigilance and community engagement.",ai,interview,True
"In today's rapidly evolving landscape, the new city council transit funding bill, several key factors must be considered. Analysts note that the new city council transit funding bill is basically seen as have significant implications going forward. It is also worth noting that The situation surrounding the new city council transit funding bill is kind of seen as reflect broader trends in the community. Also, The situation surrounding the new city council transit funding bill is often seen as reflect broader trends in the community. Also, The developments related to the new city council transit funding bill appears to indicate warrant further monitoring. Additionally. It is important to consider that the new city council transit funding bill is basically seen as affect residents in the area. So basically, Analysts note that the new city council transit funding bill could have significant implications going forward. Bottom line, the new city council transit funding bill highlights the importance of continued vigilance and community engagement.",ai,interview,True
"Half the block showed up to see the subway delays on the 4 train line. The subway delays on the 4 train line? sure, why not, this city never stops. I got there late and the subway delays on the 4 train line was already old news to everyone on the block. I got there late and the subway delays on the 4 train line was already old news to everyone on the block. go figure. I got there late and the subway delays on the 4 train line was already old news to everyone on the block. I got there late and the subway delays on the 4 train line was already old news to everyone on the block. The subway delays on the 4 train line? sure, why not, this city never stops. My gut says the subway delays on the 4 train line isn't going away anytime soon. and yeah, it was as messy as it sounds. Nobody warned me the subway delays on the 4 train line would take this long to sort out. More on this if it actually goes anywhere.",human,social_post,False
"Half the block showed up to see a labor strike at the Brooklyn shipping docks. I'm still annoyed about a labor strike at the Brooklyn shipping docks, if I'm honest. still can't believe I'm writing this. Honestly a labor strike at the Brooklyn shipping docks was wilder than anyone expected. My gut says a labor strike at the Brooklyn shipping docks isn't going away anytime soon. and yeah, it was as messy as it sounds. My gut says a labor strike at the Brooklyn shipping docks isn't going away anytime soon. I got there late and a labor strike at the Brooklyn shipping docks was already old news to everyone on the block. I'm still annoyed about a labor strike at the Brooklyn shipping docks, if I'm honest. Three people I talked to about a labor strike at the Brooklyn shipping docks couldn't even agree on what happened. You can't make this stuff up, a labor strike at the Brooklyn shipping docks, of all things. A labor strike at the Brooklyn shipping docks? sure, why not, this city never stops.",human,social_post,False
"In today's rapidly evolving landscape, a community garden opening in Harlem, several key factors must be considered. It is important to consider that a community garden opening in Harlem might affect residents in the area. Also, It is important to consider that a community garden opening in Harlem is kind of seen as affect residents in the area. Plus, It is important to consider that a community garden opening in Harlem remains to be seen affect residents in the area. So, The developments related to a community garden opening in Harlem is basically seen as warrant further monitoring. So, Experts suggest that a community garden opening in Harlem is often seen as require continued attention from officials. Additionally, Experts suggest that a community garden opening in Harlem appears to indicate require continued attention from officials. Bottom line, a community garden opening in Harlem highlights the importance of continued vigilance and community engagement.",ai,interview,True
"Half the block showed up to see the ESU basketball team's playoff run. I got there late and the ESU basketball team's playoff run was already old news to everyone on the block. still can't believe I'm writing this. My gut says the ESU basketball team's playoff run isn't going away anytime soon. I'm still annoyed about the ESU basketball team's playoff run, if I'm honest. I'm still annoyed about the ESU basketball team's playoff run, if I'm honest. and yeah, it was as messy as it sounds. Nobody warned me the ESU basketball team's playoff run would take this long to sort out. I still don't buy it, honestly.",human,social_post,False
"Notably, the situation involving a labor strike at the Brooklyn shipping docks, several key factors must be considered. It is important to consider that a labor strike at the Brooklyn shipping docks is generally considered affect residents in the area. In addition, The situation surrounding a labor strike at the Brooklyn shipping docks appears to indicate reflect broader trends in the community. Furthermore, It is important to consider that a labor strike at the Brooklyn shipping docks remains to be seen affect residents in the area. As a result, It is important to consider that a labor strike at the Brooklyn shipping docks is often seen as affect residents in the area. Additionally, Experts suggest that a labor strike at the Brooklyn shipping docks tends to suggest require continued attention from officials. As a result, Analysts note that a labor strike at the Brooklyn shipping docks is often seen as have significant implications going forward. As a result, Analysts note that a labor strike at the Brooklyn shipping docks remains to be seen have significant implications going forward. In conclusion, a labor strike at the Brooklyn shipping docks highlights the importance of continued vigilance and community engagement.",ai,interview,False
"In recent developments regarding a gallery opening downtown, several key factors must be considered. It is important to consider that a gallery opening downtown may potentially affect residents in the area. On the other hand, It is important to consider that a gallery opening downtown is often seen as affect residents in the area. Consequently, Analysts note that a gallery opening downtown appears to indicate have significant implications going forward. On the other hand, Experts suggest that a gallery opening downtown may potentially require continued attention from officials. Furthermore, Analysts note that a gallery opening downtown tends to suggest have significant implications going forward. On the other hand, It is important to consider that a gallery opening downtown remains to be seen affect residents in the area. In summary, The situation surrounding a gallery opening downtown is generally considered reflect broader trends in the community. In conclusion, a gallery opening downtown highlights the importance of continued vigilance and community engagement.",ai,social_post,False
"In light of recent events surrounding rising rent prices in Manhattan, several key factors must be considered. Experts suggest that rising rent prices in Manhattan could be argued require continued attention from officials. It should be emphasized that Analysts note that rising rent prices in Manhattan appears to indicate have significant implications going forward. It should be emphasized that Experts suggest that rising rent prices in Manhattan remains to be seen require continued attention from officials. In summary, Analysts note that rising rent prices in Manhattan remains to be seen have significant implications going forward. It should be emphasized that It is important to consider that rising rent prices in Manhattan is widely regarded as affect residents in the area. It is also worth noting that The situation surrounding rising rent prices in Manhattan may potentially reflect broader trends in the community. In conclusion, rising rent prices in Manhattan highlights the importance of continued vigilance and community engagement.",ai,article,False
"In light of recent events surrounding a viral video showing a costumed vigilante, several key factors must be considered. Experts suggest that a viral video showing a costumed vigilante could possibly require continued attention from officials. On the other hand, The developments related to a viral video showing a costumed vigilante remains to be seen warrant further monitoring. It is also worth noting that The situation surrounding a viral video showing a costumed vigilante appears to indicate reflect broader trends in the community. Additionally, It is important to consider that a viral video showing a costumed vigilante could be argued affect residents in the area. Consequently, It is important to consider that a viral video showing a costumed vigilante could be argued affect residents in the area. It is also worth noting that The developments related to a viral video showing a costumed vigilante is often seen as warrant further monitoring. In conclusion, a viral video showing a costumed vigilante highlights the importance of continued vigilance and community engagement.",ai,social_post,False
"Look, I wasn't expecting much when I showed up, but the Daily Bugle's latest circulation numbers. The Daily Bugle's latest circulation numbers? sure, why not, this city never stops. Three people I talked to about the Daily Bugle's latest circulation numbers couldn't even agree on what happened. still can't believe I'm writing this. The Daily Bugle's latest circulation numbers? sure, why not, this city never stops. go figure. Nobody warned me the Daily Bugle's latest circulation numbers would take this long to sort out. I'm still annoyed about the Daily Bugle's latest circulation numbers, if I'm honest. no joke. My gut says the Daily Bugle's latest circulation numbers isn't going away anytime soon. You can't make this stuff up, the Daily Bugle's latest circulation numbers, of all things. Nobody warned me the Daily Bugle's latest circulation numbers would take this long to sort out. Nobody warned me the Daily Bugle's latest circulation numbers would take this long to sort out. no joke.",human,interview,False
"I've covered a lot of stories, and honestly the mayor's press conference on crime rates. I'm still annoyed about the mayor's press conference on crime rates, if I'm honest. I got there late and the mayor's press conference on crime rates was already old news to everyone on the block. I'm still annoyed about the mayor's press conference on crime rates, if I'm honest. no joke. The mayor's press conference on crime rates? sure, why not, this city never stops. Honestly the mayor's press conference on crime rates was wilder than anyone expected. Honestly the mayor's press conference on crime rates was wilder than anyone expected. Make of that what you will.",human,social_post,False
"In light of recent events surrounding the annual Halloween parade in the Village, several key factors must be considered. Analysts note that the annual Halloween parade in the Village is often seen as have significant implications going forward. In summary, The situation surrounding the annual Halloween parade in the Village is widely regarded as reflect broader trends in the community. In addition, The developments related to the annual Halloween parade in the Village tends to suggest warrant further monitoring. In addition, Experts suggest that the annual Halloween parade in the Village appears to indicate require continued attention from officials. In summary, It is important to consider that the annual Halloween parade in the Village is often seen as affect residents in the area. In summary, It is important to consider that the annual Halloween parade in the Village could possibly affect residents in the area. On the other hand, It is important to consider that the annual Halloween parade in the Village may potentially affect residents in the area. In conclusion, the annual Halloween parade in the Village highlights the importance of continued vigilance and community engagement.",ai,article,False
"You'd think by now people would stop being surprised by the subway delays on the 4 train line. You can't make this stuff up, the subway delays on the 4 train line, of all things. My gut says the subway delays on the 4 train line isn't going away anytime soon. I'm still annoyed about the subway delays on the 4 train line, if I'm honest. which nobody bothered to fact-check. You can't make this stuff up, the subway delays on the 4 train line, of all things. still can't believe I'm writing this. Nobody warned me the subway delays on the 4 train line would take this long to sort out. More on this if it actually goes anywhere.",human,interview,False
"I'll be straight with you about a viral video showing a costumed vigilante. My gut says a viral video showing a costumed vigilante isn't going away anytime soon. Nobody warned me a viral video showing a costumed vigilante would take this long to sort out. still can't believe I'm writing this. You can't make this stuff up, a viral video showing a costumed vigilante, of all things. We'll see what happens next.",human,social_post,False
"Worth noting, Spider-Man's rescue during the bridge collapse, several key factors must be considered. The developments related to Spider-Man's rescue during the bridge collapse tends to suggest warrant further monitoring. So, The developments related to Spider-Man's rescue during the bridge collapse tends to suggest warrant further monitoring. It should be emphasized that The developments related to Spider-Man's rescue during the bridge collapse is kind of seen as warrant further monitoring. It is also worth noting that Experts suggest that Spider-Man's rescue during the bridge collapse is kind of seen as require continued attention from officials. So, The developments related to Spider-Man's rescue during the bridge collapse remains to be seen warrant further monitoring. Also, The developments related to Spider-Man's rescue during the bridge collapse could warrant further monitoring. Plus, Analysts note that Spider-Man's rescue during the bridge collapse is basically seen as have significant implications going forward. Bottom line, Spider-Man's rescue during the bridge collapse highlights the importance of continued vigilance and community engagement.",ai,interview,True
"My editor didn't want this angle, but a break-in at an Oscorp research facility. A break-in at an Oscorp research facility? sure, why not, this city never stops. go figure. My gut says a break-in at an Oscorp research facility isn't going away anytime soon. and yeah, it was as messy as it sounds. Nobody warned me a break-in at an Oscorp research facility would take this long to sort out. still can't believe I'm writing this. My gut says a break-in at an Oscorp research facility isn't going away anytime soon.",human,interview,False
"My editor didn't want this angle, but a break-in at an Oscorp research facility. Three people I talked to about a break-in at an Oscorp research facility couldn't even agree on what happened. My gut says a break-in at an Oscorp research facility isn't going away anytime soon. — which, sure, tracks —. Honestly a break-in at an Oscorp research facility was wilder than anyone expected. which nobody bothered to fact-check. You can't make this stuff up, a break-in at an Oscorp research facility, of all things. Three people I talked to about a break-in at an Oscorp research facility couldn't even agree on what happened. for what it's worth. I got there late and a break-in at an Oscorp research facility was already old news to everyone on the block. Three people I talked to about a break-in at an Oscorp research facility couldn't even agree on what happened. still can't believe I'm writing this.",human,interview,False
"It's hard to explain how chaotic it got when a viral video showing a costumed vigilante. Three people I talked to about a viral video showing a costumed vigilante couldn't even agree on what happened. go figure. Three people I talked to about a viral video showing a costumed vigilante couldn't even agree on what happened. A viral video showing a costumed vigilante? sure, why not, this city never stops. Honestly a viral video showing a costumed vigilante was wilder than anyone expected. no joke.",human,social_post,False
"I've covered a lot of stories, and honestly the ESU basketball team's playoff run. Three people I talked to about the ESU basketball team's playoff run couldn't even agree on what happened. Nobody warned me the ESU basketball team's playoff run would take this long to sort out. I still don't buy it, honestly. You can't make this stuff up, the ESU basketball team's playoff run, of all things. I got there late and the ESU basketball team's playoff run was already old news to everyone on the block. no joke. Honestly the ESU basketball team's playoff run was wilder than anyone expected. which nobody bothered to fact-check. The ESU basketball team's playoff run? sure, why not, this city never stops. I'm still annoyed about the ESU basketball team's playoff run, if I'm honest.",human,interview,False
"It has become increasingly evident that a school fundraiser at Midtown High, several key factors must be considered. The developments related to a school fundraiser at Midtown High could possibly warrant further monitoring. Moreover, Experts suggest that a school fundraiser at Midtown High is generally considered require continued attention from officials. In addition, The situation surrounding a school fundraiser at Midtown High tends to suggest reflect broader trends in the community. Consequently, The developments related to a school fundraiser at Midtown High is widely regarded as warrant further monitoring. As a result, It is important to consider that a school fundraiser at Midtown High could possibly affect residents in the area. Moreover, Experts suggest that a school fundraiser at Midtown High is widely regarded as require continued attention from officials. In conclusion, a school fundraiser at Midtown High highlights the importance of continued vigilance and community engagement.",ai,interview,False
"In today's rapidly evolving landscape, a community garden opening in Harlem, several key factors must be considered. Experts suggest that a community garden opening in Harlem is basically seen as require continued attention from officials. It should be emphasized that The situation surrounding a community garden opening in Harlem is kind of seen as reflect broader trends in the community. It should be emphasized that The situation surrounding a community garden opening in Harlem is kind of seen as reflect broader trends in the community. Also, Experts suggest that a community garden opening in Harlem tends to suggest require continued attention from officials. It is also worth noting that It is important to consider that a community garden opening in Harlem could be argued affect residents in the area. Bottom line, a community garden opening in Harlem highlights the importance of continued vigilance and community engagement.",ai,interview,True
"Overall, it is worth highlighting that a gallery opening downtown, several key factors must be considered. The situation surrounding a gallery opening downtown is generally considered reflect broader trends in the community. Furthermore, It is important to consider that a gallery opening downtown tends to suggest affect residents in the area. In summary, The developments related to a gallery opening downtown could possibly warrant further monitoring. Additionally, It is important to consider that a gallery opening downtown is often seen as affect residents in the area. Additionally, The situation surrounding a gallery opening downtown is generally considered reflect broader trends in the community. Additionally, The developments related to a gallery opening downtown may potentially warrant further monitoring. Consequently, The situation surrounding a gallery opening downtown appears to indicate reflect broader trends in the community. In conclusion, a gallery opening downtown highlights the importance of continued vigilance and community engagement.",ai,social_post,False
"According to available information about the subway delays on the 4 train line, several key factors must be considered. Analysts note that the subway delays on the 4 train line appears to indicate have significant implications going forward. Consequently, The developments related to the subway delays on the 4 train line remains to be seen warrant further monitoring. Furthermore, Analysts note that the subway delays on the 4 train line is generally considered have significant implications going forward. It is also worth noting that The developments related to the subway delays on the 4 train line may potentially warrant further monitoring. Moreover, The developments related to the subway delays on the 4 train line tends to suggest warrant further monitoring. It is also worth noting that Analysts note that the subway delays on the 4 train line is widely regarded as have significant implications going forward. In addition, The developments related to the subway delays on the 4 train line is generally considered warrant further monitoring. In conclusion, the subway delays on the 4 train line highlights the importance of continued vigilance and community engagement.",ai,interview,False
"Okay so here's the thing about Spider-Man's rescue during the bridge collapse. My gut says Spider-Man's rescue during the bridge collapse isn't going away anytime soon. Honestly Spider-Man's rescue during the bridge collapse was wilder than anyone expected. I got there late and Spider-Man's rescue during the bridge collapse was already old news to everyone on the block. I got there late and Spider-Man's rescue during the bridge collapse was already old news to everyone on the block. Honestly Spider-Man's rescue during the bridge collapse was wilder than anyone expected. Nobody warned me Spider-Man's rescue during the bridge collapse would take this long to sort out. I got there late and Spider-Man's rescue during the bridge collapse was already old news to everyone on the block. You can't make this stuff up, Spider-Man's rescue during the bridge collapse, of all things. Honestly Spider-Man's rescue during the bridge collapse was wilder than anyone expected. still can't believe I'm writing this. More on this if it actually goes anywhere.",human,social_post,False
"According to available information about the ongoing heatwave affecting Queens, several key factors must be considered. Experts suggest that the ongoing heatwave affecting Queens is kind of seen as require continued attention from officials. On the other hand, Analysts note that the ongoing heatwave affecting Queens could have significant implications going forward. So basically. The situation surrounding the ongoing heatwave affecting queens remains to be seen reflect broader trends in the community. Also, It is important to consider that the ongoing heatwave affecting Queens could be argued affect residents in the area. Also, The situation surrounding the ongoing heatwave affecting Queens is often seen as reflect broader trends in the community. Also, Experts suggest that the ongoing heatwave affecting Queens appears to indicate require continued attention from officials. Bottom line, the ongoing heatwave affecting Queens highlights the importance of continued vigilance and community engagement.",ai,article,True
"It is important to note that Spider-Man's rescue during the bridge collapse, several key factors must be considered. The developments related to Spider-Man's rescue during the bridge collapse tends to suggest warrant further monitoring. Moreover, Analysts note that Spider-Man's rescue during the bridge collapse remains to be seen have significant implications going forward. Moreover, The developments related to Spider-Man's rescue during the bridge collapse may potentially warrant further monitoring. Additionally, It is important to consider that Spider-Man's rescue during the bridge collapse is generally considered affect residents in the area. Consequently, Experts suggest that Spider-Man's rescue during the bridge collapse may potentially require continued attention from officials. In conclusion, Spider-Man's rescue during the bridge collapse highlights the importance of continued vigilance and community engagement.",ai,interview,False
"In recent developments regarding the annual Halloween parade in the Village, several key factors must be considered. It is important to consider that the annual Halloween parade in the Village appears to indicate affect residents in the area. It is also worth noting that It is important to consider that the annual Halloween parade in the Village is often seen as affect residents in the area. As a result, The situation surrounding the annual Halloween parade in the Village remains to be seen reflect broader trends in the community. In addition, Experts suggest that the annual Halloween parade in the Village may potentially require continued attention from officials. Furthermore, The situation surrounding the annual Halloween parade in the Village is generally considered reflect broader trends in the community. In conclusion, the annual Halloween parade in the Village highlights the importance of continued vigilance and community engagement.",ai,social_post,False
"According to available information about a gallery opening downtown, several key factors must be considered. Experts suggest that a gallery opening downtown remains to be seen require continued attention from officials. In summary, The developments related to a gallery opening downtown appears to indicate warrant further monitoring. As a result, It is important to consider that a gallery opening downtown tends to suggest affect residents in the area. Furthermore, Experts suggest that a gallery opening downtown may potentially require continued attention from officials. Additionally, The situation surrounding a gallery opening downtown tends to suggest reflect broader trends in the community. In conclusion, a gallery opening downtown highlights the importance of continued vigilance and community engagement.",ai,interview,False
"My editor didn't want this angle, but the ESU basketball team's playoff run. Three people I talked to about the ESU basketball team's playoff run couldn't even agree on what happened. I got there late and the ESU basketball team's playoff run was already old news to everyone on the block. and yeah, it was as messy as it sounds. Nobody warned me the ESU basketball team's playoff run would take this long to sort out. Three people I talked to about the ESU basketball team's playoff run couldn't even agree on what happened. My gut says the ESU basketball team's playoff run isn't going away anytime soon. go figure. My gut says the ESU basketball team's playoff run isn't going away anytime soon. Honestly the ESU basketball team's playoff run was wilder than anyone expected. — which, sure, tracks —. My gut says the ESU basketball team's playoff run isn't going away anytime soon. You can't make this stuff up, the ESU basketball team's playoff run, of all things. Anyway, that's where things stand.",human,interview,False
"Worth noting, the annual Halloween parade in the Village, several key factors must be considered. Experts suggest that the annual Halloween parade in the Village is basically seen as require continued attention from officials. On the other hand, Experts suggest that the annual Halloween parade in the Village might require continued attention from officials. On the other hand, The developments related to the annual Halloween parade in the Village is basically seen as warrant further monitoring. On the other hand, The situation surrounding the annual Halloween parade in the Village might reflect broader trends in the community. On the other hand, The situation surrounding the annual Halloween parade in the Village is kind of seen as reflect broader trends in the community. Additionally, Analysts note that the annual Halloween parade in the Village is basically seen as have significant implications going forward. It should be emphasized that The situation surrounding the annual Halloween parade in the Village remains to be seen reflect broader trends in the community. Bottom line, the annual Halloween parade in the Village highlights the importance of continued vigilance and community engagement.",ai,interview,True
"In recent developments regarding the annual Halloween parade in the Village, several key factors must be considered. It is important to consider that the annual Halloween parade in the Village could affect residents in the area. So basically, The situation surrounding the annual Halloween parade in the Village is kind of seen as reflect broader trends in the community. Also, It is important to consider that the annual Halloween parade in the Village could be argued affect residents in the area. It should be emphasized that Analysts note that the annual Halloween parade in the Village is often seen as have significant implications going forward. So, The situation surrounding the annual Halloween parade in the Village is basically seen as reflect broader trends in the community. Bottom line, the annual Halloween parade in the Village highlights the importance of continued vigilance and community engagement.",ai,article,True
"It has become increasingly evident that rising rent prices in Manhattan, several key factors must be considered. It is important to consider that rising rent prices in Manhattan is often seen as affect residents in the area. Moreover, It is important to consider that rising rent prices in Manhattan tends to suggest affect residents in the area. As a result, The developments related to rising rent prices in Manhattan tends to suggest warrant further monitoring. On the other hand, Analysts note that rising rent prices in Manhattan could possibly have significant implications going forward. In summary, The developments related to rising rent prices in Manhattan is often seen as warrant further monitoring. Additionally, The developments related to rising rent prices in Manhattan is generally considered warrant further monitoring. In conclusion, rising rent prices in Manhattan highlights the importance of continued vigilance and community engagement.",ai,interview,False
"I've covered a lot of stories, and honestly rising rent prices in Manhattan. Honestly rising rent prices in Manhattan was wilder than anyone expected. which nobody bothered to fact-check. My gut says rising rent prices in Manhattan isn't going away anytime soon. Rising rent prices in Manhattan? sure, why not, this city never stops. Nobody warned me rising rent prices in Manhattan would take this long to sort out. for what it's worth. You can't make this stuff up, rising rent prices in Manhattan, of all things. I'm still annoyed about rising rent prices in Manhattan, if I'm honest. which is saying something. More on this if it actually goes anywhere.",human,article,False
"Look, I wasn't expecting much when I showed up, but Spider-Man's rescue during the bridge collapse. I got there late and Spider-Man's rescue during the bridge collapse was already old news to everyone on the block. My gut says Spider-Man's rescue during the bridge collapse isn't going away anytime soon. My gut says Spider-Man's rescue during the bridge collapse isn't going away anytime soon. You can't make this stuff up, Spider-Man's rescue during the bridge collapse, of all things. Honestly Spider-Man's rescue during the bridge collapse was wilder than anyone expected. Honestly Spider-Man's rescue during the bridge collapse was wilder than anyone expected. We'll see what happens next.",human,interview,False
"It has become increasingly evident that a school fundraiser at Midtown High, several key factors must be considered. The developments related to a school fundraiser at Midtown High tends to suggest warrant further monitoring. Additionally, It is important to consider that a school fundraiser at Midtown High is basically seen as affect residents in the area. So, The developments related to a school fundraiser at Midtown High is basically seen as warrant further monitoring. It should be emphasized that The situation surrounding a school fundraiser at Midtown High appears to indicate reflect broader trends in the community. Also, Experts suggest that a school fundraiser at Midtown High might require continued attention from officials. So basically. The situation surrounding a school fundraiser at midtown high might reflect broader trends in the community. Also, Experts suggest that a school fundraiser at Midtown High is often seen as require continued attention from officials. Bottom line, a school fundraiser at Midtown High highlights the importance of continued vigilance and community engagement.",ai,interview,True
"I've covered a lot of stories, and honestly a school fundraiser at Midtown High. Honestly a school fundraiser at Midtown High was wilder than anyone expected. I still don't buy it, honestly. My gut says a school fundraiser at Midtown High isn't going away anytime soon. You can't make this stuff up, a school fundraiser at Midtown High, of all things. You can't make this stuff up, a school fundraiser at Midtown High, of all things. (don't ask how long that took). Nobody warned me a school fundraiser at Midtown High would take this long to sort out. I'm still annoyed about a school fundraiser at Midtown High, if I'm honest. which nobody bothered to fact-check. Anyway, that's where things stand.",human,article,False
"As reports continue to emerge about the annual Halloween parade in the Village, several key factors must be considered. The developments related to the annual Halloween parade in the Village remains to be seen warrant further monitoring. Furthermore, The developments related to the annual Halloween parade in the Village tends to suggest warrant further monitoring. In summary, Experts suggest that the annual Halloween parade in the Village could possibly require continued attention from officials. In summary, Experts suggest that the annual Halloween parade in the Village could be argued require continued attention from officials. It should be emphasized that The developments related to the annual Halloween parade in the Village remains to be seen warrant further monitoring. On the other hand, Experts suggest that the annual Halloween parade in the Village is generally considered require continued attention from officials. In conclusion, the annual Halloween parade in the Village highlights the importance of continued vigilance and community engagement.",ai,article,False
"Okay so here's the thing about the Daily Bugle's latest circulation numbers. The Daily Bugle's latest circulation numbers? sure, why not, this city never stops. go figure. You can't make this stuff up, the Daily Bugle's latest circulation numbers, of all things. Honestly the Daily Bugle's latest circulation numbers was wilder than anyone expected. You can't make this stuff up, the Daily Bugle's latest circulation numbers, of all things. My gut says the Daily Bugle's latest circulation numbers isn't going away anytime soon. for what it's worth. Nobody warned me the Daily Bugle's latest circulation numbers would take this long to sort out. Three people I talked to about the Daily Bugle's latest circulation numbers couldn't even agree on what happened. Three people I talked to about the Daily Bugle's latest circulation numbers couldn't even agree on what happened. no joke. I'm still annoyed about the Daily Bugle's latest circulation numbers, if I'm honest. I still don't buy it, honestly. Make of that what you will.",human,social_post,False
Half the block showed up to see Spider-Man's rescue during the bridge collapse. I got there late and Spider-Man's rescue during the bridge collapse was already old news to everyone on the block. which is saying something. Three people I talked to about Spider-Man's rescue during the bridge collapse couldn't even agree on what happened. Three people I talked to about Spider-Man's rescue during the bridge collapse couldn't even agree on what happened. My gut says Spider-Man's rescue during the bridge collapse isn't going away anytime soon. My gut says Spider-Man's rescue during the bridge collapse isn't going away anytime soon. Honestly Spider-Man's rescue during the bridge collapse was wilder than anyone expected. Nobody warned me Spider-Man's rescue during the bridge collapse would take this long to sort out.,human,article,False
"According to available information about Spider-Man's rescue during the bridge collapse, several key factors must be considered. It is important to consider that Spider-Man's rescue during the bridge collapse is often seen as affect residents in the area. On the other hand, The situation surrounding Spider-Man's rescue during the bridge collapse may potentially reflect broader trends in the community. On the other hand, The developments related to Spider-Man's rescue during the bridge collapse appears to indicate warrant further monitoring. It should be emphasized that It is important to consider that Spider-Man's rescue during the bridge collapse tends to suggest affect residents in the area. Additionally, The situation surrounding Spider-Man's rescue during the bridge collapse tends to suggest reflect broader trends in the community. Additionally, The developments related to Spider-Man's rescue during the bridge collapse is often seen as warrant further monitoring. In conclusion, Spider-Man's rescue during the bridge collapse highlights the importance of continued vigilance and community engagement.",ai,interview,False
"Worth noting, rising rent prices in Manhattan, several key factors must be considered. It is important to consider that rising rent prices in Manhattan could be argued affect residents in the area. It should be emphasized that Experts suggest that rising rent prices in Manhattan tends to suggest require continued attention from officials. Additionally, The situation surrounding rising rent prices in Manhattan could reflect broader trends in the community. Also, The developments related to rising rent prices in Manhattan appears to indicate warrant further monitoring. Also. Experts suggest that rising rent prices in manhattan appears to indicate require continued attention from officials. On the other hand, The developments related to rising rent prices in Manhattan is often seen as warrant further monitoring. Bottom line, rising rent prices in Manhattan highlights the importance of continued vigilance and community engagement.",ai,article,True
"Notably, the situation involving a school fundraiser at Midtown High, several key factors must be considered. The situation surrounding a school fundraiser at Midtown High remains to be seen reflect broader trends in the community. So basically, The developments related to a school fundraiser at Midtown High appears to indicate warrant further monitoring. So. Analysts note that a school fundraiser at midtown high might have significant implications going forward. Additionally, The developments related to a school fundraiser at Midtown High is basically seen as warrant further monitoring. So, Analysts note that a school fundraiser at Midtown High remains to be seen have significant implications going forward. On the other hand, Experts suggest that a school fundraiser at Midtown High is basically seen as require continued attention from officials. So, Analysts note that a school fundraiser at Midtown High remains to be seen have significant implications going forward. Bottom line, a school fundraiser at Midtown High highlights the importance of continued vigilance and community engagement.",ai,interview,True
"In recent developments regarding a break-in at an Oscorp research facility, several key factors must be considered. Analysts note that a break-in at an Oscorp research facility could possibly have significant implications going forward. Furthermore, Analysts note that a break-in at an Oscorp research facility may potentially have significant implications going forward. Furthermore, Experts suggest that a break-in at an Oscorp research facility remains to be seen require continued attention from officials. Additionally, Experts suggest that a break-in at an Oscorp research facility is often seen as require continued attention from officials. It should be emphasized that Analysts note that a break-in at an Oscorp research facility remains to be seen have significant implications going forward. It is also worth noting that It is important to consider that a break-in at an Oscorp research facility appears to indicate affect residents in the area. In conclusion, a break-in at an Oscorp research facility highlights the importance of continued vigilance and community engagement.",ai,interview,False
"I've covered a lot of stories, and honestly the annual Halloween parade in the Village. The annual Halloween parade in the Village? sure, why not, this city never stops. I'm still annoyed about the annual Halloween parade in the Village, if I'm honest. for what it's worth. Honestly the annual Halloween parade in the Village was wilder than anyone expected. More on this if it actually goes anywhere.",human,interview,False
"In light of recent events surrounding the ESU basketball team's playoff run, several key factors must be considered. Analysts note that the ESU basketball team's playoff run is generally considered have significant implications going forward. In addition, Analysts note that the ESU basketball team's playoff run is generally considered have significant implications going forward. Moreover, Experts suggest that the ESU basketball team's playoff run tends to suggest require continued attention from officials. It should be emphasized that Experts suggest that the ESU basketball team's playoff run is widely regarded as require continued attention from officials. It is also worth noting that The situation surrounding the ESU basketball team's playoff run is widely regarded as reflect broader trends in the community. As a result, The developments related to the ESU basketball team's playoff run could possibly warrant further monitoring. In conclusion, the ESU basketball team's playoff run highlights the importance of continued vigilance and community engagement.",ai,article,False
"It's hard to explain how chaotic it got when the mayor's press conference on crime rates. Honestly the mayor's press conference on crime rates was wilder than anyone expected. The mayor's press conference on crime rates? sure, why not, this city never stops. — which, sure, tracks —. Nobody warned me the mayor's press conference on crime rates would take this long to sort out. still can't believe I'm writing this. I got there late and the mayor's press conference on crime rates was already old news to everyone on the block. still can't believe I'm writing this. I got there late and the mayor's press conference on crime rates was already old news to everyone on the block. You can't make this stuff up, the mayor's press conference on crime rates, of all things.",human,social_post,False
"In light of recent events surrounding the ESU basketball team's playoff run, several key factors must be considered. It is important to consider that the ESU basketball team's playoff run is often seen as affect residents in the area. It is also worth noting that It is important to consider that the ESU basketball team's playoff run could be argued affect residents in the area. Plus, Experts suggest that the ESU basketball team's playoff run is kind of seen as require continued attention from officials. It should be emphasized that It is important to consider that the ESU basketball team's playoff run could affect residents in the area. Also. The situation surrounding the esu basketball team's playoff run is often seen as reflect broader trends in the community. Also, It is important to consider that the ESU basketball team's playoff run could be argued affect residents in the area. So, Experts suggest that the ESU basketball team's playoff run is basically seen as require continued attention from officials. Bottom line, the ESU basketball team's playoff run highlights the importance of continued vigilance and community engagement.",ai,social_post,True
"In recent developments regarding a gallery opening downtown, several key factors must be considered. It is important to consider that a gallery opening downtown is often seen as affect residents in the area. Additionally, It is important to consider that a gallery opening downtown remains to be seen affect residents in the area. Furthermore, Analysts note that a gallery opening downtown could possibly have significant implications going forward. It is also worth noting that Experts suggest that a gallery opening downtown may potentially require continued attention from officials. Additionally, The developments related to a gallery opening downtown may potentially warrant further monitoring. In summary, Experts suggest that a gallery opening downtown remains to be seen require continued attention from officials. Moreover, Analysts note that a gallery opening downtown remains to be seen have significant implications going forward. In conclusion, a gallery opening downtown highlights the importance of continued vigilance and community engagement.",ai,article,False
"I've covered a lot of stories, and honestly the mayor's press conference on crime rates. Three people I talked to about the mayor's press conference on crime rates couldn't even agree on what happened. I'm still annoyed about the mayor's press conference on crime rates, if I'm honest. I got there late and the mayor's press conference on crime rates was already old news to everyone on the block. which is saying something. Nobody warned me the mayor's press conference on crime rates would take this long to sort out. Honestly the mayor's press conference on crime rates was wilder than anyone expected. (don't ask how long that took). Three people I talked to about the mayor's press conference on crime rates couldn't even agree on what happened. I'm still annoyed about the mayor's press conference on crime rates, if I'm honest. Nobody warned me the mayor's press conference on crime rates would take this long to sort out. and yeah, it was as messy as it sounds. Anyway, that's where things stand.",human,article,False
"I'll be straight with you about the subway delays on the 4 train line. I'm still annoyed about the subway delays on the 4 train line, if I'm honest. I got there late and the subway delays on the 4 train line was already old news to everyone on the block. I still don't buy it, honestly. You can't make this stuff up, the subway delays on the 4 train line, of all things. which is saying something. Three people I talked to about the subway delays on the 4 train line couldn't even agree on what happened. which is saying something. Honestly the subway delays on the 4 train line was wilder than anyone expected.",human,social_post,False
"As reports continue to emerge about a community garden opening in Harlem, several key factors must be considered. It is important to consider that a community garden opening in Harlem could be argued affect residents in the area. In addition, The developments related to a community garden opening in Harlem may potentially warrant further monitoring. In summary, The developments related to a community garden opening in Harlem is generally considered warrant further monitoring. As a result, The situation surrounding a community garden opening in Harlem is generally considered reflect broader trends in the community. On the other hand, It is important to consider that a community garden opening in Harlem could be argued affect residents in the area. Additionally, It is important to consider that a community garden opening in Harlem remains to be seen affect residents in the area. It should be emphasized that Experts suggest that a community garden opening in Harlem is generally considered require continued attention from officials. In conclusion, a community garden opening in Harlem highlights the importance of continued vigilance and community engagement.",ai,interview,False
"As reports continue to emerge about the annual Halloween parade in the Village, several key factors must be considered. Experts suggest that the annual Halloween parade in the Village tends to suggest require continued attention from officials. It is also worth noting that The developments related to the annual Halloween parade in the Village could be argued warrant further monitoring. Additionally, The situation surrounding the annual Halloween parade in the Village is basically seen as reflect broader trends in the community. Also. The situation surrounding the annual halloween parade in the village remains to be seen reflect broader trends in the community. So, Experts suggest that the annual Halloween parade in the Village is basically seen as require continued attention from officials. So, The developments related to the annual Halloween parade in the Village remains to be seen warrant further monitoring. Bottom line, the annual Halloween parade in the Village highlights the importance of continued vigilance and community engagement.",ai,interview,True
"Furthermore, sources indicate that a gallery opening downtown, several key factors must be considered. It is important to consider that a gallery opening downtown is widely regarded as affect residents in the area. As a result, Experts suggest that a gallery opening downtown tends to suggest require continued attention from officials. Consequently, The situation surrounding a gallery opening downtown tends to suggest reflect broader trends in the community. In addition, It is important to consider that a gallery opening downtown appears to indicate affect residents in the area. In summary, Experts suggest that a gallery opening downtown remains to be seen require continued attention from officials. On the other hand, The developments related to a gallery opening downtown could possibly warrant further monitoring. On the other hand, It is important to consider that a gallery opening downtown could be argued affect residents in the area. In conclusion, a gallery opening downtown highlights the importance of continued vigilance and community engagement.",ai,social_post,False
"Overall, it is worth highlighting that a community garden opening in Harlem, several key factors must be considered. Analysts note that a community garden opening in Harlem could have significant implications going forward. Also, The situation surrounding a community garden opening in Harlem tends to suggest reflect broader trends in the community. So, It is important to consider that a community garden opening in Harlem could affect residents in the area. Also, The situation surrounding a community garden opening in Harlem appears to indicate reflect broader trends in the community. It should be emphasized that The developments related to a community garden opening in Harlem is basically seen as warrant further monitoring. So basically. The situation surrounding a community garden opening in harlem could reflect broader trends in the community. Plus, The situation surrounding a community garden opening in Harlem tends to suggest reflect broader trends in the community. Bottom line, a community garden opening in Harlem highlights the importance of continued vigilance and community engagement.",ai,interview,True
"According to available information about a community garden opening in Harlem, several key factors must be considered. It is important to consider that a community garden opening in Harlem is kind of seen as affect residents in the area. Also, The developments related to a community garden opening in Harlem is often seen as warrant further monitoring. It is also worth noting that It is important to consider that a community garden opening in Harlem is often seen as affect residents in the area. On the other hand, The developments related to a community garden opening in Harlem might warrant further monitoring. Additionally, Analysts note that a community garden opening in Harlem could have significant implications going forward. Plus. Experts suggest that a community garden opening in harlem tends to suggest require continued attention from officials. Bottom line, a community garden opening in Harlem highlights the importance of continued vigilance and community engagement.",ai,article,True
"Half the block showed up to see Spider-Man's rescue during the bridge collapse. I got there late and Spider-Man's rescue during the bridge collapse was already old news to everyone on the block. I'm still annoyed about Spider-Man's rescue during the bridge collapse, if I'm honest. Honestly Spider-Man's rescue during the bridge collapse was wilder than anyone expected. Honestly Spider-Man's rescue during the bridge collapse was wilder than anyone expected. no joke. Nobody warned me Spider-Man's rescue during the bridge collapse would take this long to sort out. and yeah, it was as messy as it sounds. Anyway, that's where things stand.",human,article,False
"Nobody saw this coming, least of all the mayor's press conference on crime rates. Honestly the mayor's press conference on crime rates was wilder than anyone expected. Nobody warned me the mayor's press conference on crime rates would take this long to sort out. The mayor's press conference on crime rates? sure, why not, this city never stops. for what it's worth. Nobody warned me the mayor's press conference on crime rates would take this long to sort out. My gut says the mayor's press conference on crime rates isn't going away anytime soon. You can't make this stuff up, the mayor's press conference on crime rates, of all things. Honestly the mayor's press conference on crime rates was wilder than anyone expected. for what it's worth. I got there late and the mayor's press conference on crime rates was already old news to everyone on the block. I got there late and the mayor's press conference on crime rates was already old news to everyone on the block.",human,article,False
"Okay so here's the thing about the annual Halloween parade in the Village. I got there late and the annual Halloween parade in the Village was already old news to everyone on the block. Nobody warned me the annual Halloween parade in the Village would take this long to sort out. which nobody bothered to fact-check. The annual Halloween parade in the Village? sure, why not, this city never stops. My gut says the annual Halloween parade in the Village isn't going away anytime soon. Nobody warned me the annual Halloween parade in the Village would take this long to sort out. Honestly the annual Halloween parade in the Village was wilder than anyone expected. which nobody bothered to fact-check. I'm still annoyed about the annual Halloween parade in the Village, if I'm honest. We'll see what happens next.",human,interview,False
"It is important to note that the subway delays on the 4 train line, several key factors must be considered. The developments related to the subway delays on the 4 train line is widely regarded as warrant further monitoring. It should be emphasized that The developments related to the subway delays on the 4 train line appears to indicate warrant further monitoring. It is also worth noting that Analysts note that the subway delays on the 4 train line appears to indicate have significant implications going forward. In addition, Analysts note that the subway delays on the 4 train line appears to indicate have significant implications going forward. In addition, The developments related to the subway delays on the 4 train line is widely regarded as warrant further monitoring. In conclusion, the subway delays on the 4 train line highlights the importance of continued vigilance and community engagement.",ai,article,False
"I've covered a lot of stories, and honestly the ongoing heatwave affecting Queens. Nobody warned me the ongoing heatwave affecting Queens would take this long to sort out. and yeah, it was as messy as it sounds. I'm still annoyed about the ongoing heatwave affecting Queens, if I'm honest. The ongoing heatwave affecting Queens? sure, why not, this city never stops. I still don't buy it, honestly.",human,interview,False
"In recent developments regarding Spider-Man's rescue during the bridge collapse, several key factors must be considered. The situation surrounding Spider-Man's rescue during the bridge collapse remains to be seen reflect broader trends in the community. In addition, The situation surrounding Spider-Man's rescue during the bridge collapse is often seen as reflect broader trends in the community. In addition, The developments related to Spider-Man's rescue during the bridge collapse is often seen as warrant further monitoring. Furthermore, Experts suggest that Spider-Man's rescue during the bridge collapse remains to be seen require continued attention from officials. As a result, It is important to consider that Spider-Man's rescue during the bridge collapse tends to suggest affect residents in the area. In conclusion, Spider-Man's rescue during the bridge collapse highlights the importance of continued vigilance and community engagement.",ai,article,False
"My editor didn't want this angle, but the mayor's press conference on crime rates. I'm still annoyed about the mayor's press conference on crime rates, if I'm honest. (don't ask how long that took). My gut says the mayor's press conference on crime rates isn't going away anytime soon. Honestly the mayor's press conference on crime rates was wilder than anyone expected. My gut says the mayor's press conference on crime rates isn't going away anytime soon. (don't ask how long that took). My gut says the mayor's press conference on crime rates isn't going away anytime soon. which nobody bothered to fact-check. You can't make this stuff up, the mayor's press conference on crime rates, of all things. for what it's worth.",human,social_post,False
"I'll be straight with you about a community garden opening in Harlem. Three people I talked to about a community garden opening in Harlem couldn't even agree on what happened. — which, sure, tracks —. You can't make this stuff up, a community garden opening in Harlem, of all things. still can't believe I'm writing this. I'm still annoyed about a community garden opening in Harlem, if I'm honest. A community garden opening in Harlem? sure, why not, this city never stops. I still don't buy it, honestly. Three people I talked to about a community garden opening in Harlem couldn't even agree on what happened. — which, sure, tracks —. My gut says a community garden opening in Harlem isn't going away anytime soon. go figure. A community garden opening in Harlem? sure, why not, this city never stops. You can't make this stuff up, a community garden opening in Harlem, of all things. More on this if it actually goes anywhere.",human,interview,False
"Notably, the situation involving rising rent prices in Manhattan, several key factors must be considered. The developments related to rising rent prices in Manhattan is widely regarded as warrant further monitoring. It is also worth noting that The situation surrounding rising rent prices in Manhattan is generally considered reflect broader trends in the community. Furthermore, It is important to consider that rising rent prices in Manhattan is widely regarded as affect residents in the area. In summary, It is important to consider that rising rent prices in Manhattan is often seen as affect residents in the area. It should be emphasized that The developments related to rising rent prices in Manhattan may potentially warrant further monitoring. On the other hand, The situation surrounding rising rent prices in Manhattan appears to indicate reflect broader trends in the community. As a result, The developments related to rising rent prices in Manhattan could be argued warrant further monitoring. In conclusion, rising rent prices in Manhattan highlights the importance of continued vigilance and community engagement.",ai,social_post,False
"It is important to note that the annual Halloween parade in the Village, several key factors must be considered. It is important to consider that the annual Halloween parade in the Village is often seen as affect residents in the area. On the other hand, It is important to consider that the annual Halloween parade in the Village may potentially affect residents in the area. Consequently, Experts suggest that the annual Halloween parade in the Village tends to suggest require continued attention from officials. On the other hand, The situation surrounding the annual Halloween parade in the Village is widely regarded as reflect broader trends in the community. It should be emphasized that The situation surrounding the annual Halloween parade in the Village appears to indicate reflect broader trends in the community. In conclusion, the annual Halloween parade in the Village highlights the importance of continued vigilance and community engagement.",ai,interview,False
"You'd think by now people would stop being surprised by the ongoing heatwave affecting Queens. I got there late and the ongoing heatwave affecting Queens was already old news to everyone on the block. You can't make this stuff up, the ongoing heatwave affecting Queens, of all things. Nobody warned me the ongoing heatwave affecting Queens would take this long to sort out. which is saying something. You can't make this stuff up, the ongoing heatwave affecting Queens, of all things. You can't make this stuff up, the ongoing heatwave affecting Queens, of all things. I'm still annoyed about the ongoing heatwave affecting Queens, if I'm honest. Make of that what you will.",human,article,False
"My editor didn't want this angle, but a community garden opening in Harlem. Nobody warned me a community garden opening in Harlem would take this long to sort out. I'm still annoyed about a community garden opening in Harlem, if I'm honest. I'm still annoyed about a community garden opening in Harlem, if I'm honest. — which, sure, tracks —. A community garden opening in Harlem? sure, why not, this city never stops. Three people I talked to about a community garden opening in Harlem couldn't even agree on what happened. still can't believe I'm writing this. A community garden opening in Harlem? sure, why not, this city never stops. still can't believe I'm writing this. You can't make this stuff up, a community garden opening in Harlem, of all things. Nobody warned me a community garden opening in Harlem would take this long to sort out. — which, sure, tracks —. My gut says a community garden opening in Harlem isn't going away anytime soon.",human,social_post,False
"As reports continue to emerge about the annual Halloween parade in the Village, several key factors must be considered. The situation surrounding the annual Halloween parade in the Village could possibly reflect broader trends in the community. In addition, It is important to consider that the annual Halloween parade in the Village remains to be seen affect residents in the area. In addition, The developments related to the annual Halloween parade in the Village could be argued warrant further monitoring. On the other hand, The developments related to the annual Halloween parade in the Village is generally considered warrant further monitoring. On the other hand, The situation surrounding the annual Halloween parade in the Village is often seen as reflect broader trends in the community. Furthermore, Experts suggest that the annual Halloween parade in the Village appears to indicate require continued attention from officials. Furthermore, Analysts note that the annual Halloween parade in the Village is generally considered have significant implications going forward. In conclusion, the annual Halloween parade in the Village highlights the importance of continued vigilance and community engagement.",ai,article,False
"As reports continue to emerge about the Daily Bugle's latest circulation numbers, several key factors must be considered. Analysts note that the Daily Bugle's latest circulation numbers could be argued have significant implications going forward. It is also worth noting that The situation surrounding the Daily Bugle's latest circulation numbers tends to suggest reflect broader trends in the community. Additionally, The developments related to the Daily Bugle's latest circulation numbers is basically seen as warrant further monitoring. It is also worth noting that The situation surrounding the Daily Bugle's latest circulation numbers remains to be seen reflect broader trends in the community. On the other hand, Analysts note that the Daily Bugle's latest circulation numbers is kind of seen as have significant implications going forward. It should be emphasized that Analysts note that the Daily Bugle's latest circulation numbers is kind of seen as have significant implications going forward. Also, The developments related to the Daily Bugle's latest circulation numbers is kind of seen as warrant further monitoring. Bottom line, the Daily Bugle's latest circulation numbers highlights the importance of continued vigilance and community engagement.",ai,social_post,True
"You'd think by now people would stop being surprised by rising rent prices in Manhattan. Three people I talked to about rising rent prices in Manhattan couldn't even agree on what happened. Honestly rising rent prices in Manhattan was wilder than anyone expected. go figure. Rising rent prices in Manhattan? sure, why not, this city never stops. still can't believe I'm writing this. I'm still annoyed about rising rent prices in Manhattan, if I'm honest. Honestly rising rent prices in Manhattan was wilder than anyone expected. which is saying something. Nobody warned me rising rent prices in Manhattan would take this long to sort out. which is saying something. You can't make this stuff up, rising rent prices in Manhattan, of all things. You can't make this stuff up, rising rent prices in Manhattan, of all things. for what it's worth.",human,interview,False
"Also, sources indicate that a break-in at an Oscorp research facility, several key factors must be considered. The situation surrounding a break-in at an Oscorp research facility is kind of seen as reflect broader trends in the community. It should be emphasized that The situation surrounding a break-in at an Oscorp research facility tends to suggest reflect broader trends in the community. So, The situation surrounding a break-in at an Oscorp research facility could be argued reflect broader trends in the community. Plus. The situation surrounding a break-in at an oscorp research facility is often seen as reflect broader trends in the community. Plus, The developments related to a break-in at an Oscorp research facility is kind of seen as warrant further monitoring. Bottom line, a break-in at an Oscorp research facility highlights the importance of continued vigilance and community engagement.",ai,interview,True
"It is important to note that a community garden opening in Harlem, several key factors must be considered. It is important to consider that a community garden opening in Harlem is generally considered affect residents in the area. Consequently, Analysts note that a community garden opening in Harlem is often seen as have significant implications going forward. On the other hand, The developments related to a community garden opening in Harlem is widely regarded as warrant further monitoring. In addition, The situation surrounding a community garden opening in Harlem appears to indicate reflect broader trends in the community. In summary, Experts suggest that a community garden opening in Harlem could possibly require continued attention from officials. Furthermore, It is important to consider that a community garden opening in Harlem remains to be seen affect residents in the area. Additionally, The situation surrounding a community garden opening in Harlem could be argued reflect broader trends in the community. In conclusion, a community garden opening in Harlem highlights the importance of continued vigilance and community engagement.",ai,article,False
"Three witnesses told me pretty much the same thing about the ESU basketball team's playoff run. The ESU basketball team's playoff run? sure, why not, this city never stops. which is saying something. Three people I talked to about the ESU basketball team's playoff run couldn't even agree on what happened. I still don't buy it, honestly. Nobody warned me the ESU basketball team's playoff run would take this long to sort out. My gut says the ESU basketball team's playoff run isn't going away anytime soon. for what it's worth. Make of that what you will.",human,social_post,False
It's hard to explain how chaotic it got when the subway delays on the 4 train line. I got there late and the subway delays on the 4 train line was already old news to everyone on the block. Three people I talked to about the subway delays on the 4 train line couldn't even agree on what happened. Nobody warned me the subway delays on the 4 train line would take this long to sort out. Honestly the subway delays on the 4 train line was wilder than anyone expected. no joke. My gut says the subway delays on the 4 train line isn't going away anytime soon. go figure. My gut says the subway delays on the 4 train line isn't going away anytime soon. no joke. More on this if it actually goes anywhere.,human,interview,False
"It has become increasingly evident that a break-in at an Oscorp research facility, several key factors must be considered. Analysts note that a break-in at an Oscorp research facility may potentially have significant implications going forward. It is also worth noting that It is important to consider that a break-in at an Oscorp research facility is widely regarded as affect residents in the area. It should be emphasized that The situation surrounding a break-in at an Oscorp research facility could possibly reflect broader trends in the community. Additionally, It is important to consider that a break-in at an Oscorp research facility could possibly affect residents in the area. Furthermore, Experts suggest that a break-in at an Oscorp research facility may potentially require continued attention from officials. As a result, The developments related to a break-in at an Oscorp research facility may potentially warrant further monitoring. In conclusion, a break-in at an Oscorp research facility highlights the importance of continued vigilance and community engagement.",ai,interview,False
"As reports continue to emerge about a viral video showing a costumed vigilante, several key factors must be considered. It is important to consider that a viral video showing a costumed vigilante could possibly affect residents in the area. Furthermore, The situation surrounding a viral video showing a costumed vigilante could possibly reflect broader trends in the community. On the other hand, The developments related to a viral video showing a costumed vigilante is often seen as warrant further monitoring. In summary, Analysts note that a viral video showing a costumed vigilante could possibly have significant implications going forward. It is also worth noting that It is important to consider that a viral video showing a costumed vigilante is widely regarded as affect residents in the area. Additionally, The developments related to a viral video showing a costumed vigilante remains to be seen warrant further monitoring. In conclusion, a viral video showing a costumed vigilante highlights the importance of continued vigilance and community engagement.",ai,article,False
"Overall, it is worth highlighting that a break-in at an Oscorp research facility, several key factors must be considered. Analysts note that a break-in at an Oscorp research facility is often seen as have significant implications going forward. Plus, Experts suggest that a break-in at an Oscorp research facility is basically seen as require continued attention from officials. Additionally, It is important to consider that a break-in at an Oscorp research facility is kind of seen as affect residents in the area. It is also worth noting that It is important to consider that a break-in at an Oscorp research facility might affect residents in the area. Also, Experts suggest that a break-in at an Oscorp research facility could be argued require continued attention from officials. So basically, The situation surrounding a break-in at an Oscorp research facility is basically seen as reflect broader trends in the community. Bottom line, a break-in at an Oscorp research facility highlights the importance of continued vigilance and community engagement.",ai,interview,True
"Nobody saw this coming, least of all the ESU basketball team's playoff run. I'm still annoyed about the ESU basketball team's playoff run, if I'm honest. You can't make this stuff up, the ESU basketball team's playoff run, of all things. for what it's worth. Honestly the ESU basketball team's playoff run was wilder than anyone expected. and yeah, it was as messy as it sounds. My gut says the ESU basketball team's playoff run isn't going away anytime soon. You can't make this stuff up, the ESU basketball team's playoff run, of all things. — which, sure, tracks —. Honestly the ESU basketball team's playoff run was wilder than anyone expected. Nobody warned me the ESU basketball team's playoff run would take this long to sort out. for what it's worth. My gut says the ESU basketball team's playoff run isn't going away anytime soon.",human,social_post,False
"I'll be straight with you about the Daily Bugle's latest circulation numbers. The Daily Bugle's latest circulation numbers? sure, why not, this city never stops. You can't make this stuff up, the Daily Bugle's latest circulation numbers, of all things. You can't make this stuff up, the Daily Bugle's latest circulation numbers, of all things. I'm still annoyed about the Daily Bugle's latest circulation numbers, if I'm honest. More on this if it actually goes anywhere.",human,article,False
"I'll be straight with you about a break-in at an Oscorp research facility. You can't make this stuff up, a break-in at an Oscorp research facility, of all things. for what it's worth. Three people I talked to about a break-in at an Oscorp research facility couldn't even agree on what happened. still can't believe I'm writing this. My gut says a break-in at an Oscorp research facility isn't going away anytime soon. I got there late and a break-in at an Oscorp research facility was already old news to everyone on the block. You can't make this stuff up, a break-in at an Oscorp research facility, of all things. which is saying something. Make of that what you will.",human,social_post,False
"Overall, it is worth highlighting that rising rent prices in Manhattan, several key factors must be considered. Experts suggest that rising rent prices in Manhattan is widely regarded as require continued attention from officials. It should be emphasized that The situation surrounding rising rent prices in Manhattan could possibly reflect broader trends in the community. It should be emphasized that Experts suggest that rising rent prices in Manhattan may potentially require continued attention from officials. It is also worth noting that It is important to consider that rising rent prices in Manhattan is widely regarded as affect residents in the area. Furthermore, The situation surrounding rising rent prices in Manhattan could be argued reflect broader trends in the community. In addition, Experts suggest that rising rent prices in Manhattan is widely regarded as require continued attention from officials. In summary, Experts suggest that rising rent prices in Manhattan appears to indicate require continued attention from officials. In conclusion, rising rent prices in Manhattan highlights the importance of continued vigilance and community engagement.",ai,article,False
"It's hard to explain how chaotic it got when a gallery opening downtown. I got there late and a gallery opening downtown was already old news to everyone on the block. Honestly a gallery opening downtown was wilder than anyone expected. Nobody warned me a gallery opening downtown would take this long to sort out. A gallery opening downtown? sure, why not, this city never stops. Anyway, that's where things stand.",human,interview,False
"Three witnesses told me pretty much the same thing about the Daily Bugle's latest circulation numbers. Three people I talked to about the Daily Bugle's latest circulation numbers couldn't even agree on what happened. Three people I talked to about the Daily Bugle's latest circulation numbers couldn't even agree on what happened. for what it's worth. I'm still annoyed about the Daily Bugle's latest circulation numbers, if I'm honest. You can't make this stuff up, the Daily Bugle's latest circulation numbers, of all things. which is saying something. More on this if it actually goes anywhere.",human,social_post,False
"Overall, it is worth highlighting that a gallery opening downtown, several key factors must be considered. The developments related to a gallery opening downtown is kind of seen as warrant further monitoring. So, The situation surrounding a gallery opening downtown could reflect broader trends in the community. On the other hand, The developments related to a gallery opening downtown appears to indicate warrant further monitoring. It is also worth noting that The developments related to a gallery opening downtown is kind of seen as warrant further monitoring. On the other hand, The situation surrounding a gallery opening downtown could be argued reflect broader trends in the community. Additionally, The developments related to a gallery opening downtown remains to be seen warrant further monitoring. Bottom line, a gallery opening downtown highlights the importance of continued vigilance and community engagement.",ai,social_post,True
"You'd think by now people would stop being surprised by a viral video showing a costumed vigilante. Nobody warned me a viral video showing a costumed vigilante would take this long to sort out. (don't ask how long that took). My gut says a viral video showing a costumed vigilante isn't going away anytime soon. Three people I talked to about a viral video showing a costumed vigilante couldn't even agree on what happened. still can't believe I'm writing this. Three people I talked to about a viral video showing a costumed vigilante couldn't even agree on what happened. Honestly a viral video showing a costumed vigilante was wilder than anyone expected. A viral video showing a costumed vigilante? sure, why not, this city never stops. still can't believe I'm writing this. Nobody warned me a viral video showing a costumed vigilante would take this long to sort out. no joke.",human,article,False
"You'd think by now people would stop being surprised by a viral video showing a costumed vigilante. A viral video showing a costumed vigilante? sure, why not, this city never stops. I'm still annoyed about a viral video showing a costumed vigilante, if I'm honest. Honestly a viral video showing a costumed vigilante was wilder than anyone expected. You can't make this stuff up, a viral video showing a costumed vigilante, of all things. I still don't buy it, honestly. My gut says a viral video showing a costumed vigilante isn't going away anytime soon. Nobody warned me a viral video showing a costumed vigilante would take this long to sort out.",human,article,False
"Overall, it is worth highlighting that rising rent prices in Manhattan, several key factors must be considered. The developments related to rising rent prices in Manhattan could be argued warrant further monitoring. Additionally, The developments related to rising rent prices in Manhattan may potentially warrant further monitoring. It should be emphasized that It is important to consider that rising rent prices in Manhattan may potentially affect residents in the area. Consequently, It is important to consider that rising rent prices in Manhattan is often seen as affect residents in the area. It should be emphasized that The developments related to rising rent prices in Manhattan could possibly warrant further monitoring. In addition, It is important to consider that rising rent prices in Manhattan is widely regarded as affect residents in the area. In conclusion, rising rent prices in Manhattan highlights the importance of continued vigilance and community engagement.",ai,social_post,False
"In today's rapidly evolving landscape, the annual Halloween parade in the Village, several key factors must be considered. The developments related to the annual Halloween parade in the Village remains to be seen warrant further monitoring. It is also worth noting that Experts suggest that the annual Halloween parade in the Village is generally considered require continued attention from officials. Moreover, The developments related to the annual Halloween parade in the Village is generally considered warrant further monitoring. It should be emphasized that It is important to consider that the annual Halloween parade in the Village could possibly affect residents in the area. As a result, The situation surrounding the annual Halloween parade in the Village is often seen as reflect broader trends in the community. On the other hand, Analysts note that the annual Halloween parade in the Village is widely regarded as have significant implications going forward. In conclusion, the annual Halloween parade in the Village highlights the importance of continued vigilance and community engagement.",ai,article,False
"It is important to note that a break-in at an Oscorp research facility, several key factors must be considered. It is important to consider that a break-in at an Oscorp research facility is often seen as affect residents in the area. In summary, The developments related to a break-in at an Oscorp research facility tends to suggest warrant further monitoring. It is also worth noting that The developments related to a break-in at an Oscorp research facility could be argued warrant further monitoring. Additionally, Analysts note that a break-in at an Oscorp research facility is often seen as have significant implications going forward. In addition, It is important to consider that a break-in at an Oscorp research facility remains to be seen affect residents in the area. Furthermore, The developments related to a break-in at an Oscorp research facility may potentially warrant further monitoring. In conclusion, a break-in at an Oscorp research facility highlights the importance of continued vigilance and community engagement.",ai,interview,False
"Nobody saw this coming, least of all a gallery opening downtown. Three people I talked to about a gallery opening downtown couldn't even agree on what happened. You can't make this stuff up, a gallery opening downtown, of all things. My gut says a gallery opening downtown isn't going away anytime soon. Three people I talked to about a gallery opening downtown couldn't even agree on what happened. which is saying something. Nobody warned me a gallery opening downtown would take this long to sort out. (don't ask how long that took). Honestly a gallery opening downtown was wilder than anyone expected. Three people I talked to about a gallery opening downtown couldn't even agree on what happened. Nobody warned me a gallery opening downtown would take this long to sort out.",human,interview,False
"My editor didn't want this angle, but rising rent prices in Manhattan. I got there late and rising rent prices in Manhattan was already old news to everyone on the block. I got there late and rising rent prices in Manhattan was already old news to everyone on the block. Honestly rising rent prices in Manhattan was wilder than anyone expected. Three people I talked to about rising rent prices in Manhattan couldn't even agree on what happened. no joke. Honestly rising rent prices in Manhattan was wilder than anyone expected. Nobody warned me rising rent prices in Manhattan would take this long to sort out. Rising rent prices in Manhattan? sure, why not, this city never stops.",human,interview,False
"Nobody saw this coming, least of all the subway delays on the 4 train line. My gut says the subway delays on the 4 train line isn't going away anytime soon. My gut says the subway delays on the 4 train line isn't going away anytime soon. no joke. Three people I talked to about the subway delays on the 4 train line couldn't even agree on what happened. no joke. Three people I talked to about the subway delays on the 4 train line couldn't even agree on what happened. for what it's worth. You can't make this stuff up, the subway delays on the 4 train line, of all things. I got there late and the subway delays on the 4 train line was already old news to everyone on the block. and yeah, it was as messy as it sounds. Honestly the subway delays on the 4 train line was wilder than anyone expected. no joke. Honestly the subway delays on the 4 train line was wilder than anyone expected. which nobody bothered to fact-check.",human,article,False
"Half the block showed up to see the new city council transit funding bill. Honestly the new city council transit funding bill was wilder than anyone expected. My gut says the new city council transit funding bill isn't going away anytime soon. You can't make this stuff up, the new city council transit funding bill, of all things. The new city council transit funding bill? sure, why not, this city never stops. for what it's worth. I got there late and the new city council transit funding bill was already old news to everyone on the block. Three people I talked to about the new city council transit funding bill couldn't even agree on what happened. The new city council transit funding bill? sure, why not, this city never stops. which is saying something. Honestly the new city council transit funding bill was wilder than anyone expected. go figure. Honestly the new city council transit funding bill was wilder than anyone expected.",human,interview,False
"It is important to note that a viral video showing a costumed vigilante, several key factors must be considered. The developments related to a viral video showing a costumed vigilante is widely regarded as warrant further monitoring. In addition, The developments related to a viral video showing a costumed vigilante could possibly warrant further monitoring. Furthermore, The situation surrounding a viral video showing a costumed vigilante tends to suggest reflect broader trends in the community. In addition, It is important to consider that a viral video showing a costumed vigilante is generally considered affect residents in the area. In addition, The developments related to a viral video showing a costumed vigilante is generally considered warrant further monitoring. Furthermore, Experts suggest that a viral video showing a costumed vigilante is widely regarded as require continued attention from officials. In conclusion, a viral video showing a costumed vigilante highlights the importance of continued vigilance and community engagement.",ai,interview,False
"Overall, it is worth highlighting that a gallery opening downtown, several key factors must be considered. The developments related to a gallery opening downtown is kind of seen as warrant further monitoring. On the other hand, The situation surrounding a gallery opening downtown is basically seen as reflect broader trends in the community. So, Experts suggest that a gallery opening downtown could be argued require continued attention from officials. It is also worth noting that The developments related to a gallery opening downtown appears to indicate warrant further monitoring. Also, The developments related to a gallery opening downtown is kind of seen as warrant further monitoring. So, The situation surrounding a gallery opening downtown could reflect broader trends in the community. Plus, Analysts note that a gallery opening downtown is often seen as have significant implications going forward. Bottom line, a gallery opening downtown highlights the importance of continued vigilance and community engagement.",ai,article,True
"I'll be straight with you about the ESU basketball team's playoff run. My gut says the ESU basketball team's playoff run isn't going away anytime soon. no joke. Honestly the ESU basketball team's playoff run was wilder than anyone expected. I'm still annoyed about the ESU basketball team's playoff run, if I'm honest. which nobody bothered to fact-check. You can't make this stuff up, the ESU basketball team's playoff run, of all things. I still don't buy it, honestly. Three people I talked to about the ESU basketball team's playoff run couldn't even agree on what happened. go figure. Three people I talked to about the ESU basketball team's playoff run couldn't even agree on what happened. I got there late and the ESU basketball team's playoff run was already old news to everyone on the block. go figure. I got there late and the ESU basketball team's playoff run was already old news to everyone on the block. still can't believe I'm writing this. Nobody warned me the ESU basketball team's playoff run would take this long to sort out.",human,article,False
"It has become increasingly evident that a community garden opening in Harlem, several key factors must be considered. The situation surrounding a community garden opening in Harlem appears to indicate reflect broader trends in the community. On the other hand. Analysts note that a community garden opening in harlem tends to suggest have significant implications going forward. On the other hand, The situation surrounding a community garden opening in Harlem could reflect broader trends in the community. So basically, The situation surrounding a community garden opening in Harlem remains to be seen reflect broader trends in the community. Also, Experts suggest that a community garden opening in Harlem could require continued attention from officials. Plus, The situation surrounding a community garden opening in Harlem could be argued reflect broader trends in the community. Bottom line, a community garden opening in Harlem highlights the importance of continued vigilance and community engagement.",ai,interview,True
"You'd think by now people would stop being surprised by the Daily Bugle's latest circulation numbers. The Daily Bugle's latest circulation numbers? sure, why not, this city never stops. Honestly the Daily Bugle's latest circulation numbers was wilder than anyone expected. no joke. I got there late and the Daily Bugle's latest circulation numbers was already old news to everyone on the block. I got there late and the Daily Bugle's latest circulation numbers was already old news to everyone on the block. (don't ask how long that took). I got there late and the Daily Bugle's latest circulation numbers was already old news to everyone on the block. I still don't buy it, honestly. The Daily Bugle's latest circulation numbers? sure, why not, this city never stops. and yeah, it was as messy as it sounds. Honestly the Daily Bugle's latest circulation numbers was wilder than anyone expected. for what it's worth. Three people I talked to about the Daily Bugle's latest circulation numbers couldn't even agree on what happened. I'm still annoyed about the Daily Bugle's latest circulation numbers, if I'm honest. Anyway, that's where things stand.",human,article,False
"Half the block showed up to see the new city council transit funding bill. I'm still annoyed about the new city council transit funding bill, if I'm honest. I'm still annoyed about the new city council transit funding bill, if I'm honest. The new city council transit funding bill? sure, why not, this city never stops. The new city council transit funding bill? sure, why not, this city never stops. — which, sure, tracks —. More on this if it actually goes anywhere.",human,social_post,False
"Worth noting, a viral video showing a costumed vigilante, several key factors must be considered. Analysts note that a viral video showing a costumed vigilante appears to indicate have significant implications going forward. So, Experts suggest that a viral video showing a costumed vigilante is often seen as require continued attention from officials. Plus. The situation surrounding a viral video showing a costumed vigilante tends to suggest reflect broader trends in the community. It should be emphasized that Analysts note that a viral video showing a costumed vigilante could be argued have significant implications going forward. So, It is important to consider that a viral video showing a costumed vigilante is often seen as affect residents in the area. Bottom line, a viral video showing a costumed vigilante highlights the importance of continued vigilance and community engagement.",ai,interview,True
"Look, I wasn't expecting much when I showed up, but a labor strike at the Brooklyn shipping docks. A labor strike at the Brooklyn shipping docks? sure, why not, this city never stops. I'm still annoyed about a labor strike at the Brooklyn shipping docks, if I'm honest. You can't make this stuff up, a labor strike at the Brooklyn shipping docks, of all things. My gut says a labor strike at the Brooklyn shipping docks isn't going away anytime soon. — which, sure, tracks —. Three people I talked to about a labor strike at the Brooklyn shipping docks couldn't even agree on what happened. which is saying something.",human,interview,False
"Overall, it is worth highlighting that the mayor's press conference on crime rates, several key factors must be considered. It is important to consider that the mayor's press conference on crime rates could affect residents in the area. So. The situation surrounding the mayor's press conference on crime rates remains to be seen reflect broader trends in the community. So, Experts suggest that the mayor's press conference on crime rates tends to suggest require continued attention from officials. It is also worth noting that Experts suggest that the mayor's press conference on crime rates is kind of seen as require continued attention from officials. It should be emphasized that The situation surrounding the mayor's press conference on crime rates could be argued reflect broader trends in the community. Also, The situation surrounding the mayor's press conference on crime rates remains to be seen reflect broader trends in the community. Additionally, The developments related to the mayor's press conference on crime rates could be argued warrant further monitoring. Bottom line, the mayor's press conference on crime rates highlights the importance of continued vigilance and community engagement.",ai,social_post,True
"Furthermore, sources indicate that the mayor's press conference on crime rates, several key factors must be considered. The developments related to the mayor's press conference on crime rates is generally considered warrant further monitoring. It should be emphasized that Experts suggest that the mayor's press conference on crime rates may potentially require continued attention from officials. In summary, Experts suggest that the mayor's press conference on crime rates is widely regarded as require continued attention from officials. Additionally, Experts suggest that the mayor's press conference on crime rates is often seen as require continued attention from officials. It should be emphasized that The situation surrounding the mayor's press conference on crime rates appears to indicate reflect broader trends in the community. Moreover, It is important to consider that the mayor's press conference on crime rates remains to be seen affect residents in the area. In conclusion, the mayor's press conference on crime rates highlights the importance of continued vigilance and community engagement.",ai,article,False
"Okay so here's the thing about the new city council transit funding bill. I got there late and the new city council transit funding bill was already old news to everyone on the block. The new city council transit funding bill? sure, why not, this city never stops. The new city council transit funding bill? sure, why not, this city never stops. My gut says the new city council transit funding bill isn't going away anytime soon. Anyway, that's where things stand.",human,interview,False
"Okay so here's the thing about a school fundraiser at Midtown High. I'm still annoyed about a school fundraiser at Midtown High, if I'm honest. My gut says a school fundraiser at Midtown High isn't going away anytime soon. I still don't buy it, honestly. A school fundraiser at Midtown High? sure, why not, this city never stops. Nobody warned me a school fundraiser at Midtown High would take this long to sort out.",human,social_post,False
"As reports continue to emerge about a community garden opening in Harlem, several key factors must be considered. It is important to consider that a community garden opening in Harlem may potentially affect residents in the area. As a result, It is important to consider that a community garden opening in Harlem appears to indicate affect residents in the area. It is also worth noting that It is important to consider that a community garden opening in Harlem could be argued affect residents in the area. Moreover, The developments related to a community garden opening in Harlem tends to suggest warrant further monitoring. Moreover, It is important to consider that a community garden opening in Harlem could be argued affect residents in the area. It is also worth noting that It is important to consider that a community garden opening in Harlem is generally considered affect residents in the area. In conclusion, a community garden opening in Harlem highlights the importance of continued vigilance and community engagement.",ai,social_post,False
"Three witnesses told me pretty much the same thing about the mayor's press conference on crime rates. The mayor's press conference on crime rates? sure, why not, this city never stops. I'm still annoyed about the mayor's press conference on crime rates, if I'm honest. — which, sure, tracks —. Three people I talked to about the mayor's press conference on crime rates couldn't even agree on what happened. The mayor's press conference on crime rates? sure, why not, this city never stops. Honestly the mayor's press conference on crime rates was wilder than anyone expected.",human,social_post,False
"It has become increasingly evident that the subway delays on the 4 train line, several key factors must be considered. Experts suggest that the subway delays on the 4 train line is generally considered require continued attention from officials. Additionally, The developments related to the subway delays on the 4 train line appears to indicate warrant further monitoring. It is also worth noting that The situation surrounding the subway delays on the 4 train line remains to be seen reflect broader trends in the community. On the other hand, It is important to consider that the subway delays on the 4 train line is widely regarded as affect residents in the area. Additionally, It is important to consider that the subway delays on the 4 train line may potentially affect residents in the area. It should be emphasized that Analysts note that the subway delays on the 4 train line is often seen as have significant implications going forward. It should be emphasized that Experts suggest that the subway delays on the 4 train line could possibly require continued attention from officials. In conclusion, the subway delays on the 4 train line highlights the importance of continued vigilance and community engagement.",ai,article,False
"It has become increasingly evident that a gallery opening downtown, several key factors must be considered. Experts suggest that a gallery opening downtown remains to be seen require continued attention from officials. So basically, The developments related to a gallery opening downtown could be argued warrant further monitoring. It is also worth noting that It is important to consider that a gallery opening downtown might affect residents in the area. Plus, The situation surrounding a gallery opening downtown appears to indicate reflect broader trends in the community. So. Analysts note that a gallery opening downtown remains to be seen have significant implications going forward. Bottom line, a gallery opening downtown highlights the importance of continued vigilance and community engagement.",ai,social_post,True
"Furthermore, sources indicate that the subway delays on the 4 train line, several key factors must be considered. It is important to consider that the subway delays on the 4 train line could be argued affect residents in the area. On the other hand, It is important to consider that the subway delays on the 4 train line appears to indicate affect residents in the area. Furthermore, Experts suggest that the subway delays on the 4 train line tends to suggest require continued attention from officials. It is also worth noting that The situation surrounding the subway delays on the 4 train line is generally considered reflect broader trends in the community. Additionally, Experts suggest that the subway delays on the 4 train line appears to indicate require continued attention from officials. In conclusion, the subway delays on the 4 train line highlights the importance of continued vigilance and community engagement.",ai,social_post,False
"It's hard to explain how chaotic it got when a community garden opening in Harlem. You can't make this stuff up, a community garden opening in Harlem, of all things. Three people I talked to about a community garden opening in Harlem couldn't even agree on what happened. I still don't buy it, honestly. Nobody warned me a community garden opening in Harlem would take this long to sort out. A community garden opening in Harlem? sure, why not, this city never stops. I got there late and a community garden opening in Harlem was already old news to everyone on the block. which is saying something. Nobody warned me a community garden opening in Harlem would take this long to sort out. which is saying something. Honestly a community garden opening in Harlem was wilder than anyone expected. I still don't buy it, honestly. Honestly a community garden opening in Harlem was wilder than anyone expected. go figure. Honestly a community garden opening in Harlem was wilder than anyone expected.",human,interview,False
"I'll be straight with you about a labor strike at the Brooklyn shipping docks. My gut says a labor strike at the Brooklyn shipping docks isn't going away anytime soon. Nobody warned me a labor strike at the Brooklyn shipping docks would take this long to sort out. I got there late and a labor strike at the Brooklyn shipping docks was already old news to everyone on the block. (don't ask how long that took). I'm still annoyed about a labor strike at the Brooklyn shipping docks, if I'm honest. for what it's worth. Three people I talked to about a labor strike at the Brooklyn shipping docks couldn't even agree on what happened. no joke. A labor strike at the Brooklyn shipping docks? sure, why not, this city never stops. go figure. My gut says a labor strike at the Brooklyn shipping docks isn't going away anytime soon. Anyway, that's where things stand.",human,article,False
"Three witnesses told me pretty much the same thing about a break-in at an Oscorp research facility. A break-in at an Oscorp research facility? sure, why not, this city never stops. Honestly a break-in at an Oscorp research facility was wilder than anyone expected. I'm still annoyed about a break-in at an Oscorp research facility, if I'm honest. for what it's worth. Three people I talked to about a break-in at an Oscorp research facility couldn't even agree on what happened. I still don't buy it, honestly. My gut says a break-in at an Oscorp research facility isn't going away anytime soon. for what it's worth. We'll see what happens next.",human,interview,False
"Overall, it is worth highlighting that a break-in at an Oscorp research facility, several key factors must be considered. The developments related to a break-in at an Oscorp research facility might warrant further monitoring. On the other hand, The developments related to a break-in at an Oscorp research facility appears to indicate warrant further monitoring. So basically, The developments related to a break-in at an Oscorp research facility remains to be seen warrant further monitoring. So, The developments related to a break-in at an Oscorp research facility appears to indicate warrant further monitoring. So, The developments related to a break-in at an Oscorp research facility tends to suggest warrant further monitoring. Bottom line, a break-in at an Oscorp research facility highlights the importance of continued vigilance and community engagement.",ai,article,True
"Notably, the situation involving the new city council transit funding bill, several key factors must be considered. The developments related to the new city council transit funding bill is often seen as warrant further monitoring. It should be emphasized that It is important to consider that the new city council transit funding bill could be argued affect residents in the area. Plus, The developments related to the new city council transit funding bill remains to be seen warrant further monitoring. So basically, Experts suggest that the new city council transit funding bill could be argued require continued attention from officials. It should be emphasized that Analysts note that the new city council transit funding bill remains to be seen have significant implications going forward. Plus, The situation surrounding the new city council transit funding bill could be argued reflect broader trends in the community. So, Experts suggest that the new city council transit funding bill appears to indicate require continued attention from officials. Bottom line, the new city council transit funding bill highlights the importance of continued vigilance and community engagement.",ai,social_post,True
"In today's rapidly evolving landscape, a school fundraiser at Midtown High, several key factors must be considered. The situation surrounding a school fundraiser at Midtown High is basically seen as reflect broader trends in the community. So, Experts suggest that a school fundraiser at Midtown High might require continued attention from officials. So basically. Analysts note that a school fundraiser at midtown high appears to indicate have significant implications going forward. Additionally, The developments related to a school fundraiser at Midtown High is basically seen as warrant further monitoring. So basically, Experts suggest that a school fundraiser at Midtown High is kind of seen as require continued attention from officials. Bottom line, a school fundraiser at Midtown High highlights the importance of continued vigilance and community engagement.",ai,article,True
"Look, I wasn't expecting much when I showed up, but the annual Halloween parade in the Village. You can't make this stuff up, the annual Halloween parade in the Village, of all things. no joke. Three people I talked to about the annual Halloween parade in the Village couldn't even agree on what happened. Three people I talked to about the annual Halloween parade in the Village couldn't even agree on what happened. Anyway, that's where things stand.",human,interview,False
"I'll be straight with you about a gallery opening downtown. A gallery opening downtown? sure, why not, this city never stops. I'm still annoyed about a gallery opening downtown, if I'm honest. Nobody warned me a gallery opening downtown would take this long to sort out. I'm still annoyed about a gallery opening downtown, if I'm honest. I'm still annoyed about a gallery opening downtown, if I'm honest. My gut says a gallery opening downtown isn't going away anytime soon. Make of that what you will.",human,interview,False
"I'll be straight with you about the mayor's press conference on crime rates. I got there late and the mayor's press conference on crime rates was already old news to everyone on the block. and yeah, it was as messy as it sounds. My gut says the mayor's press conference on crime rates isn't going away anytime soon. — which, sure, tracks —. I'm still annoyed about the mayor's press conference on crime rates, if I'm honest. Three people I talked to about the mayor's press conference on crime rates couldn't even agree on what happened. My gut says the mayor's press conference on crime rates isn't going away anytime soon. for what it's worth. Honestly the mayor's press conference on crime rates was wilder than anyone expected. We'll see what happens next.",human,article,False
"Nobody saw this coming, least of all rising rent prices in Manhattan. I got there late and rising rent prices in Manhattan was already old news to everyone on the block. go figure. Three people I talked to about rising rent prices in Manhattan couldn't even agree on what happened. My gut says rising rent prices in Manhattan isn't going away anytime soon. More on this if it actually goes anywhere.",human,article,False
"Half the block showed up to see the subway delays on the 4 train line. The subway delays on the 4 train line? sure, why not, this city never stops. (don't ask how long that took). My gut says the subway delays on the 4 train line isn't going away anytime soon. The subway delays on the 4 train line? sure, why not, this city never stops. I'm still annoyed about the subway delays on the 4 train line, if I'm honest. Make of that what you will.",human,article,False
"It's hard to explain how chaotic it got when the mayor's press conference on crime rates. You can't make this stuff up, the mayor's press conference on crime rates, of all things. The mayor's press conference on crime rates? sure, why not, this city never stops. (don't ask how long that took). I got there late and the mayor's press conference on crime rates was already old news to everyone on the block. which is saying something. Honestly the mayor's press conference on crime rates was wilder than anyone expected. Three people I talked to about the mayor's press conference on crime rates couldn't even agree on what happened. You can't make this stuff up, the mayor's press conference on crime rates, of all things. You can't make this stuff up, the mayor's press conference on crime rates, of all things. which is saying something. I'm still annoyed about the mayor's press conference on crime rates, if I'm honest. I still don't buy it, honestly. More on this if it actually goes anywhere.",human,article,False
"You'd think by now people would stop being surprised by a break-in at an Oscorp research facility. My gut says a break-in at an Oscorp research facility isn't going away anytime soon. and yeah, it was as messy as it sounds. Three people I talked to about a break-in at an Oscorp research facility couldn't even agree on what happened. My gut says a break-in at an Oscorp research facility isn't going away anytime soon. A break-in at an Oscorp research facility? sure, why not, this city never stops. I got there late and a break-in at an Oscorp research facility was already old news to everyone on the block. Three people I talked to about a break-in at an Oscorp research facility couldn't even agree on what happened. You can't make this stuff up, a break-in at an Oscorp research facility, of all things. still can't believe I'm writing this. Anyway, that's where things stand.",human,article,False
"In recent developments regarding the Daily Bugle's latest circulation numbers, several key factors must be considered. It is important to consider that the Daily Bugle's latest circulation numbers tends to suggest affect residents in the area. It is also worth noting that Experts suggest that the Daily Bugle's latest circulation numbers could require continued attention from officials. Additionally, Analysts note that the Daily Bugle's latest circulation numbers is basically seen as have significant implications going forward. So basically, The situation surrounding the Daily Bugle's latest circulation numbers appears to indicate reflect broader trends in the community. Additionally. Experts suggest that the daily bugle's latest circulation numbers remains to be seen require continued attention from officials. It is also worth noting that Analysts note that the Daily Bugle's latest circulation numbers might have significant implications going forward. So, It is important to consider that the Daily Bugle's latest circulation numbers could affect residents in the area. Bottom line, the Daily Bugle's latest circulation numbers highlights the importance of continued vigilance and community engagement.",ai,interview,True
"Look, I wasn't expecting much when I showed up, but a school fundraiser at Midtown High. A school fundraiser at Midtown High? sure, why not, this city never stops. which is saying something. You can't make this stuff up, a school fundraiser at Midtown High, of all things. You can't make this stuff up, a school fundraiser at Midtown High, of all things.",human,interview,False
"Half the block showed up to see a school fundraiser at Midtown High. You can't make this stuff up, a school fundraiser at Midtown High, of all things. (don't ask how long that took). I got there late and a school fundraiser at Midtown High was already old news to everyone on the block. go figure. I got there late and a school fundraiser at Midtown High was already old news to everyone on the block. I got there late and a school fundraiser at Midtown High was already old news to everyone on the block.",human,social_post,False
"Three witnesses told me pretty much the same thing about a viral video showing a costumed vigilante. Nobody warned me a viral video showing a costumed vigilante would take this long to sort out. You can't make this stuff up, a viral video showing a costumed vigilante, of all things. Nobody warned me a viral video showing a costumed vigilante would take this long to sort out. Nobody warned me a viral video showing a costumed vigilante would take this long to sort out. I'm still annoyed about a viral video showing a costumed vigilante, if I'm honest. which is saying something.",human,interview,False
"Look, I wasn't expecting much when I showed up, but the ongoing heatwave affecting Queens. Nobody warned me the ongoing heatwave affecting Queens would take this long to sort out. Honestly the ongoing heatwave affecting Queens was wilder than anyone expected. which nobody bothered to fact-check. My gut says the ongoing heatwave affecting Queens isn't going away anytime soon. Three people I talked to about the ongoing heatwave affecting Queens couldn't even agree on what happened. I got there late and the ongoing heatwave affecting Queens was already old news to everyone on the block. — which, sure, tracks —. My gut says the ongoing heatwave affecting Queens isn't going away anytime soon. which nobody bothered to fact-check. I got there late and the ongoing heatwave affecting Queens was already old news to everyone on the block. Three people I talked to about the ongoing heatwave affecting Queens couldn't even agree on what happened.",human,article,False
"I'll be straight with you about a viral video showing a costumed vigilante. Three people I talked to about a viral video showing a costumed vigilante couldn't even agree on what happened. and yeah, it was as messy as it sounds. A viral video showing a costumed vigilante? sure, why not, this city never stops. no joke. Three people I talked to about a viral video showing a costumed vigilante couldn't even agree on what happened. Three people I talked to about a viral video showing a costumed vigilante couldn't even agree on what happened. My gut says a viral video showing a costumed vigilante isn't going away anytime soon. A viral video showing a costumed vigilante? sure, why not, this city never stops. no joke. We'll see what happens next.",human,interview,False
"I'll be straight with you about the ESU basketball team's playoff run. The ESU basketball team's playoff run? sure, why not, this city never stops. I got there late and the ESU basketball team's playoff run was already old news to everyone on the block. go figure. The ESU basketball team's playoff run? sure, why not, this city never stops. I got there late and the ESU basketball team's playoff run was already old news to everyone on the block. Nobody warned me the ESU basketball team's playoff run would take this long to sort out. I still don't buy it, honestly. I got there late and the ESU basketball team's playoff run was already old news to everyone on the block. (don't ask how long that took).",human,social_post,False
"Notably, the situation involving a gallery opening downtown, several key factors must be considered. Analysts note that a gallery opening downtown could be argued have significant implications going forward. So basically. Experts suggest that a gallery opening downtown remains to be seen require continued attention from officials. On the other hand, The developments related to a gallery opening downtown could warrant further monitoring. Plus, The situation surrounding a gallery opening downtown is basically seen as reflect broader trends in the community. So, It is important to consider that a gallery opening downtown could be argued affect residents in the area. Bottom line, a gallery opening downtown highlights the importance of continued vigilance and community engagement.",ai,interview,True
"It is important to note that Spider-Man's rescue during the bridge collapse, several key factors must be considered. It is important to consider that Spider-Man's rescue during the bridge collapse is often seen as affect residents in the area. It should be emphasized that It is important to consider that Spider-Man's rescue during the bridge collapse could possibly affect residents in the area. Furthermore, The situation surrounding Spider-Man's rescue during the bridge collapse may potentially reflect broader trends in the community. In summary, The developments related to Spider-Man's rescue during the bridge collapse remains to be seen warrant further monitoring. Additionally, It is important to consider that Spider-Man's rescue during the bridge collapse may potentially affect residents in the area. Moreover, It is important to consider that Spider-Man's rescue during the bridge collapse remains to be seen affect residents in the area. In conclusion, Spider-Man's rescue during the bridge collapse highlights the importance of continued vigilance and community engagement.",ai,interview,False
"In light of recent events surrounding a viral video showing a costumed vigilante, several key factors must be considered. Experts suggest that a viral video showing a costumed vigilante could require continued attention from officials. Also, The developments related to a viral video showing a costumed vigilante is often seen as warrant further monitoring. So, Experts suggest that a viral video showing a costumed vigilante tends to suggest require continued attention from officials. Also, It is important to consider that a viral video showing a costumed vigilante could affect residents in the area. Also. Analysts note that a viral video showing a costumed vigilante could be argued have significant implications going forward. So, The developments related to a viral video showing a costumed vigilante might warrant further monitoring. Bottom line, a viral video showing a costumed vigilante highlights the importance of continued vigilance and community engagement.",ai,interview,True
"As reports continue to emerge about rising rent prices in Manhattan, several key factors must be considered. The situation surrounding rising rent prices in Manhattan remains to be seen reflect broader trends in the community. In summary, Experts suggest that rising rent prices in Manhattan is widely regarded as require continued attention from officials. Consequently, The developments related to rising rent prices in Manhattan is generally considered warrant further monitoring. In addition, Experts suggest that rising rent prices in Manhattan is generally considered require continued attention from officials. Consequently, Experts suggest that rising rent prices in Manhattan is widely regarded as require continued attention from officials. In addition, It is important to consider that rising rent prices in Manhattan remains to be seen affect residents in the area. In conclusion, rising rent prices in Manhattan highlights the importance of continued vigilance and community engagement.",ai,article,False
"Three witnesses told me pretty much the same thing about a school fundraiser at Midtown High. Nobody warned me a school fundraiser at Midtown High would take this long to sort out. still can't believe I'm writing this. Honestly a school fundraiser at Midtown High was wilder than anyone expected. Three people I talked to about a school fundraiser at Midtown High couldn't even agree on what happened. My gut says a school fundraiser at Midtown High isn't going away anytime soon. You can't make this stuff up, a school fundraiser at Midtown High, of all things. I got there late and a school fundraiser at Midtown High was already old news to everyone on the block. which is saying something. Anyway, that's where things stand.",human,article,False
"Notably, the situation involving the subway delays on the 4 train line, several key factors must be considered. Analysts note that the subway delays on the 4 train line is often seen as have significant implications going forward. It should be emphasized that Experts suggest that the subway delays on the 4 train line is widely regarded as require continued attention from officials. Furthermore, The developments related to the subway delays on the 4 train line remains to be seen warrant further monitoring. In addition, Analysts note that the subway delays on the 4 train line appears to indicate have significant implications going forward. It should be emphasized that The developments related to the subway delays on the 4 train line is often seen as warrant further monitoring. It should be emphasized that Experts suggest that the subway delays on the 4 train line appears to indicate require continued attention from officials. In conclusion, the subway delays on the 4 train line highlights the importance of continued vigilance and community engagement.",ai,interview,False
"As reports continue to emerge about the ESU basketball team's playoff run, several key factors must be considered. The developments related to the ESU basketball team's playoff run is often seen as warrant further monitoring. So, Analysts note that the ESU basketball team's playoff run might have significant implications going forward. It is also worth noting that It is important to consider that the ESU basketball team's playoff run remains to be seen affect residents in the area. Also, The developments related to the ESU basketball team's playoff run is often seen as warrant further monitoring. On the other hand, Analysts note that the ESU basketball team's playoff run remains to be seen have significant implications going forward. Bottom line, the ESU basketball team's playoff run highlights the importance of continued vigilance and community engagement.",ai,social_post,True
"Okay so here's the thing about the mayor's press conference on crime rates. My gut says the mayor's press conference on crime rates isn't going away anytime soon. Nobody warned me the mayor's press conference on crime rates would take this long to sort out. Three people I talked to about the mayor's press conference on crime rates couldn't even agree on what happened. I got there late and the mayor's press conference on crime rates was already old news to everyone on the block. which nobody bothered to fact-check. Honestly the mayor's press conference on crime rates was wilder than anyone expected. (don't ask how long that took). I got there late and the mayor's press conference on crime rates was already old news to everyone on the block. Three people I talked to about the mayor's press conference on crime rates couldn't even agree on what happened. My gut says the mayor's press conference on crime rates isn't going away anytime soon. Nobody warned me the mayor's press conference on crime rates would take this long to sort out. for what it's worth. Anyway, that's where things stand.",human,interview,False
"Half the block showed up to see rising rent prices in Manhattan. You can't make this stuff up, rising rent prices in Manhattan, of all things. — which, sure, tracks —. I'm still annoyed about rising rent prices in Manhattan, if I'm honest. Three people I talked to about rising rent prices in Manhattan couldn't even agree on what happened. More on this if it actually goes anywhere.",human,article,False
"You'd think by now people would stop being surprised by the ongoing heatwave affecting Queens. I'm still annoyed about the ongoing heatwave affecting Queens, if I'm honest. which nobody bothered to fact-check. Three people I talked to about the ongoing heatwave affecting Queens couldn't even agree on what happened. Nobody warned me the ongoing heatwave affecting Queens would take this long to sort out. I'm still annoyed about the ongoing heatwave affecting Queens, if I'm honest. for what it's worth. Three people I talked to about the ongoing heatwave affecting Queens couldn't even agree on what happened. Three people I talked to about the ongoing heatwave affecting Queens couldn't even agree on what happened. which nobody bothered to fact-check. You can't make this stuff up, the ongoing heatwave affecting Queens, of all things. no joke.",human,interview,False
"According to available information about a viral video showing a costumed vigilante, several key factors must be considered. The situation surrounding a viral video showing a costumed vigilante could possibly reflect broader trends in the community. In summary, It is important to consider that a viral video showing a costumed vigilante is generally considered affect residents in the area. Consequently, The developments related to a viral video showing a costumed vigilante is widely regarded as warrant further monitoring. Consequently, The situation surrounding a viral video showing a costumed vigilante tends to suggest reflect broader trends in the community. In addition, The situation surrounding a viral video showing a costumed vigilante could be argued reflect broader trends in the community. Moreover, Analysts note that a viral video showing a costumed vigilante appears to indicate have significant implications going forward. In summary, Experts suggest that a viral video showing a costumed vigilante appears to indicate require continued attention from officials. In conclusion, a viral video showing a costumed vigilante highlights the importance of continued vigilance and community engagement.",ai,interview,False
"In recent developments regarding rising rent prices in Manhattan, several key factors must be considered. Analysts note that rising rent prices in Manhattan is basically seen as have significant implications going forward. It should be emphasized that The developments related to rising rent prices in Manhattan is basically seen as warrant further monitoring. On the other hand, The developments related to rising rent prices in Manhattan could be argued warrant further monitoring. Also. The situation surrounding rising rent prices in manhattan tends to suggest reflect broader trends in the community. So, Experts suggest that rising rent prices in Manhattan remains to be seen require continued attention from officials. Bottom line, rising rent prices in Manhattan highlights the importance of continued vigilance and community engagement.",ai,article,True
"Three witnesses told me pretty much the same thing about a school fundraiser at Midtown High. Honestly a school fundraiser at Midtown High was wilder than anyone expected. Honestly a school fundraiser at Midtown High was wilder than anyone expected. Honestly a school fundraiser at Midtown High was wilder than anyone expected. — which, sure, tracks —. Nobody warned me a school fundraiser at Midtown High would take this long to sort out. Three people I talked to about a school fundraiser at Midtown High couldn't even agree on what happened. I'm still annoyed about a school fundraiser at Midtown High, if I'm honest. My gut says a school fundraiser at Midtown High isn't going away anytime soon. Honestly a school fundraiser at Midtown High was wilder than anyone expected. — which, sure, tracks —.",human,interview,False
"In recent developments regarding rising rent prices in Manhattan, several key factors must be considered. It is important to consider that rising rent prices in Manhattan is generally considered affect residents in the area. In addition, It is important to consider that rising rent prices in Manhattan could possibly affect residents in the area. Furthermore, Analysts note that rising rent prices in Manhattan is often seen as have significant implications going forward. As a result, Analysts note that rising rent prices in Manhattan could be argued have significant implications going forward. In summary, Experts suggest that rising rent prices in Manhattan is widely regarded as require continued attention from officials. In conclusion, rising rent prices in Manhattan highlights the importance of continued vigilance and community engagement.",ai,article,False
"I've covered a lot of stories, and honestly the subway delays on the 4 train line. Honestly the subway delays on the 4 train line was wilder than anyone expected. The subway delays on the 4 train line? sure, why not, this city never stops. My gut says the subway delays on the 4 train line isn't going away anytime soon. — which, sure, tracks —. Nobody warned me the subway delays on the 4 train line would take this long to sort out. go figure. I got there late and the subway delays on the 4 train line was already old news to everyone on the block. The subway delays on the 4 train line? sure, why not, this city never stops. Anyway, that's where things stand.",human,article,False
"Nobody saw this coming, least of all a community garden opening in Harlem. I got there late and a community garden opening in Harlem was already old news to everyone on the block. My gut says a community garden opening in Harlem isn't going away anytime soon. You can't make this stuff up, a community garden opening in Harlem, of all things. Nobody warned me a community garden opening in Harlem would take this long to sort out. We'll see what happens next.",human,social_post,False
"Three witnesses told me pretty much the same thing about a labor strike at the Brooklyn shipping docks. Three people I talked to about a labor strike at the Brooklyn shipping docks couldn't even agree on what happened. Honestly a labor strike at the Brooklyn shipping docks was wilder than anyone expected. for what it's worth. A labor strike at the Brooklyn shipping docks? sure, why not, this city never stops. which nobody bothered to fact-check. Honestly a labor strike at the Brooklyn shipping docks was wilder than anyone expected. I'm still annoyed about a labor strike at the Brooklyn shipping docks, if I'm honest. which nobody bothered to fact-check. I'm still annoyed about a labor strike at the Brooklyn shipping docks, if I'm honest. Nobody warned me a labor strike at the Brooklyn shipping docks would take this long to sort out. which is saying something. You can't make this stuff up, a labor strike at the Brooklyn shipping docks, of all things. I'm still annoyed about a labor strike at the Brooklyn shipping docks, if I'm honest.",human,social_post,False
"I'll be straight with you about Spider-Man's rescue during the bridge collapse. Spider-Man's rescue during the bridge collapse? sure, why not, this city never stops. My gut says Spider-Man's rescue during the bridge collapse isn't going away anytime soon. I'm still annoyed about Spider-Man's rescue during the bridge collapse, if I'm honest. You can't make this stuff up, Spider-Man's rescue during the bridge collapse, of all things. Three people I talked to about Spider-Man's rescue during the bridge collapse couldn't even agree on what happened. (don't ask how long that took). You can't make this stuff up, Spider-Man's rescue during the bridge collapse, of all things. Three people I talked to about Spider-Man's rescue during the bridge collapse couldn't even agree on what happened. which is saying something. Make of that what you will.",human,social_post,False
"Half the block showed up to see the ongoing heatwave affecting Queens. Nobody warned me the ongoing heatwave affecting Queens would take this long to sort out. — which, sure, tracks —. The ongoing heatwave affecting Queens? sure, why not, this city never stops. The ongoing heatwave affecting Queens? sure, why not, this city never stops. Honestly the ongoing heatwave affecting Queens was wilder than anyone expected. for what it's worth. Three people I talked to about the ongoing heatwave affecting Queens couldn't even agree on what happened. My gut says the ongoing heatwave affecting Queens isn't going away anytime soon. Make of that what you will.",human,social_post,False
"It is important to note that a school fundraiser at Midtown High, several key factors must be considered. Analysts note that a school fundraiser at Midtown High is often seen as have significant implications going forward. It is also worth noting that Experts suggest that a school fundraiser at Midtown High could possibly require continued attention from officials. On the other hand, Experts suggest that a school fundraiser at Midtown High could possibly require continued attention from officials. It should be emphasized that It is important to consider that a school fundraiser at Midtown High could be argued affect residents in the area. In summary, Analysts note that a school fundraiser at Midtown High could possibly have significant implications going forward. It should be emphasized that It is important to consider that a school fundraiser at Midtown High could possibly affect residents in the area. In conclusion, a school fundraiser at Midtown High highlights the importance of continued vigilance and community engagement.",ai,social_post,False
"You'd think by now people would stop being surprised by the Daily Bugle's latest circulation numbers. I'm still annoyed about the Daily Bugle's latest circulation numbers, if I'm honest. no joke. You can't make this stuff up, the Daily Bugle's latest circulation numbers, of all things. Three people I talked to about the Daily Bugle's latest circulation numbers couldn't even agree on what happened. Three people I talked to about the Daily Bugle's latest circulation numbers couldn't even agree on what happened. which is saying something.",human,article,False
"Three witnesses told me pretty much the same thing about the ongoing heatwave affecting Queens. My gut says the ongoing heatwave affecting Queens isn't going away anytime soon. You can't make this stuff up, the ongoing heatwave affecting Queens, of all things. (don't ask how long that took). Three people I talked to about the ongoing heatwave affecting Queens couldn't even agree on what happened. and yeah, it was as messy as it sounds.",human,article,False
"Three witnesses told me pretty much the same thing about a gallery opening downtown. My gut says a gallery opening downtown isn't going away anytime soon. Nobody warned me a gallery opening downtown would take this long to sort out. Honestly a gallery opening downtown was wilder than anyone expected. You can't make this stuff up, a gallery opening downtown, of all things. You can't make this stuff up, a gallery opening downtown, of all things. Nobody warned me a gallery opening downtown would take this long to sort out. — which, sure, tracks —. Honestly a gallery opening downtown was wilder than anyone expected. for what it's worth. We'll see what happens next.",human,interview,False
"It's hard to explain how chaotic it got when the subway delays on the 4 train line. You can't make this stuff up, the subway delays on the 4 train line, of all things. Three people I talked to about the subway delays on the 4 train line couldn't even agree on what happened. for what it's worth. I'm still annoyed about the subway delays on the 4 train line, if I'm honest. My gut says the subway delays on the 4 train line isn't going away anytime soon. — which, sure, tracks —. Honestly the subway delays on the 4 train line was wilder than anyone expected. for what it's worth. Make of that what you will.",human,article,False
